-0.043416,0.0077435,-0.069016,0.021164,0.017118,0.10373,-0.06136,-0.024136,-0.0059483,0.0036876,-0.046832,0.079614,-0.084777,0.0068422,-0.070264,-0.018431,-0.05366,-0.0073981,0.15715,0.063691,-0.042815,0.075894,-0.073604,0.0059931,0.10795,0.28592,0.013067,0.077943,0.0061299,-0.105,-0.35694,0.10843,0.023322,-0.0061749,-0.0055593,0.07892,-0.31615,0.0241,0.05255,-0.019708,-0.012489,0.087805,0.0022137,-0.0267,-0.048302,-0.13625,-0.072648,-0.045869,-0.046297,0.0433,-0.01101,0.019501,0.011665,-0.045756,-0.074231,-0.055796,0.091313,-0.030864,0.011459,0.077558,-0.031331,-0.046251,-0.054508,-0.059306,-0.0099051,-0.051611,0.098267,-0.02527,0.0016596,0.16888,-0.075177,0.066263,0.025005,-0.080703,-0.036038,0.054867,-0.048931,-0.041736,0.16621,0.020291,0.10821,-0.10391,-0.33501,-0.019988,-0.049677,-0.036077,-0.057893,-0.078708,-0.028042,0.042381,-0.032327,0.070164,0.021367,0.069669,0.080311,-0.029602,0.11446,0.024753,-0.012872,0.34717,-0.059477,0.054379,-0.077315,0.035309,0.11806,0.044375,-0.041866,0.06654,0.10306,-0.06389,-0.048337,-0.0061726,-0.02307,0.078615,0.073204,-0.039015,-0.042901,-0.010038,-0.033849,0.0013422,0.060044,0.038431
0.028424,0.028318,-0.3245,0.056104,-0.077141,0.026332,0.00056058,-0.01626,0.026908,-0.0097892,0.025433,0.045261,-0.0037167,0.0045872,-0.014789,-0.042097,-0.046972,-0.0053834,0.057475,0.019821,-0.026957,0.062755,-0.37618,-0.0098468,0.051013,-0.29182,-0.038854,-0.021249,-0.0017824,-0.075269,0.30349,-0.059276,-0.0093863,0.0066183,-0.019386,0.016667,0.34241,0.011744,-0.13232,0.024381,0.0057566,0.11476,0.024949,0.038777,0.04114,-0.2771,0.018034,0.0002394,0.0094441,-0.0048865,0.067081,0.0023667,0.00020345,0.021577,0.033533,-0.051096,0.0083369,-0.0031324,-0.01877,0.016521,0.051491,-0.059725,0.03984,0.050163,0.0022547,-0.0051327,0.19519,0.013388,-0.1074,0.10091,0.031298,-0.033595,-0.01273,-0.00083079,-0.049963,0.0020287,-0.058382,0.0018147,0.12964,-0.029996,0.22189,-0.022992,-0.10497,0.013029,-0.016324,0.00055672,0.0065532,0.041614,-0.0027864,-0.1847,-0.034429,-0.0038837,-0.001501,0.058415,-0.00020888,-0.0081033,-0.067885,0.046051,-0.023961,0.22155,-0.00086615,-0.13191,0.046339,-0.011492,0.063167,0.028946,0.0078563,-0.067893,0.014883,0.0046372,0.0098352,0.0025033,0.0059767,0.03744,0.011446,-0.034465,-0.010273,0.0013002,-0.0023762,-0.033972,0.079583,-0.0063918
-0.067978,-0.00078839,0.010725,0.01773,-0.046227,-0.11606,0.09329,0.104,-0.024311,0.080359,0.070604,-0.097965,0.018929,0.01675,0.027785,-0.07663,0.032829,0.07829,-0.060483,-0.021318,0.056788,0.047518,0.0019951,0.080361,0.041169,0.08611,-0.011755,-0.0055162,-0.0065357,-0.1783,-0.10796,-0.10635,0.031789,0.049308,0.010079,-0.058801,0.04118,0.079971,0.033815,0.016579,0.027573,-0.057152,0.10353,0.10072,0.0582,0.036763,-0.099791,0.092433,0.030284,-0.0079878,0.0025803,0.050599,-0.00075604,0.095028,0.057655,0.014434,-0.052051,-0.072276,-0.013252,-0.020427,0.13069,-0.214,0.054058,0.041269,0.033701,-0.0059361,-0.070345,0.04354,-0.022983,0.05862,0.082218,0.091483,-0.064896,0.06097,-0.12078,0.011102,0.02171,-0.050474,0.16273,0.013213,-0.17663,0.0025484,-0.54112,0.035371,-0.014563,-0.027155,0.019636,0.069558,0.026741,-0.31229,0.048691,-0.021264,-0.048722,-0.07638,0.022773,0.022253,-0.037116,0.01927,0.0044578,-0.32639,0.018786,0.025994,0.094266,0.0076625,-0.050259,-0.021776,0.088493,-0.0062428,-0.029266,0.063144,0.09768,0.018778,-0.01663,-0.002568,0.019656,0.10603,0.030696,0.066659,0.052546,0.020192,0.017213,-0.031583
0.037712,0.017786,-0.31986,0.04921,0.0076391,0.0043276,-0.036974,-0.025322,0.034164,-0.012956,0.0019549,0.030248,0.059947,0.019187,0.022378,-0.076745,0.058363,0.033512,-0.027199,0.032397,-0.0039435,-0.1005,-0.26488,-0.00040126,-0.092019,0.44291,0.07138,0.030177,0.0056724,-0.097714,0.07186,0.081359,0.03334,-0.027028,0.029784,0.037039,0.08163,0.01004,-0.1747,0.014036,0.027087,-0.20491,-0.00061994,-0.058635,-0.019118,-0.1952,0.0066952,-0.02181,0.024825,0.026208,0.0076507,0.022415,-0.0042133,-0.086234,-0.0048425,0.024518,0.080552,0.093109,0.036059,-0.0065594,-0.07756,0.06981,-0.048029,0.018748,0.023085,0.014806,0.022398,-0.0084622,0.037648,-0.15818,-0.039237,0.13321,0.036546,0.057657,0.11589,0.026636,0.054122,0.064882,-0.31879,0.032213,0.072646,0.053056,-0.13188,0.0055685,0.036287,0.059021,0.029722,-0.016982,-0.097335,0.19155,-0.009663,0.013742,-0.094978,0.073919,-0.016827,-0.0077406,0.051254,0.019407,0.01766,-0.31413,0.051176,0.0069494,-0.024109,-0.0022739,0.0060735,-0.027895,-0.005422,0.030627,0.037357,0.023692,0.0079999,0.041314,0.053605,-0.014299,-0.0040066,-0.009491,0.059999,0.042259,0.044239,-0.006938,-0.050181,0.035211
-0.038151,-0.0042716,-0.26974,-0.030482,-0.16653,-0.11106,0.031407,0.010927,-0.014461,-0.0019252,0.064533,-0.049618,0.067487,-0.01188,0.021505,-0.02148,0.0084295,0.04513,-0.027828,-0.039663,-0.0012005,-0.0027626,-0.074794,0.023913,-0.019086,0.11979,0.18634,-0.058549,-0.011847,0.083569,-0.25772,0.25904,-0.0078278,0.044327,-0.020704,-0.049463,-0.39833,0.027101,-0.085678,0.07432,0.0060375,-0.026841,0.038714,0.10073,0.081847,-0.071076,0.038158,0.047363,0.01125,-0.03658,0.039881,0.033515,-0.030658,0.060555,0.063334,0.0025467,-0.057172,-0.0028216,0.016054,-0.028712,0.0065951,-0.028477,0.044655,0.050389,0.020799,-0.0035863,0.13242,-0.023085,-0.070657,-0.0015756,0.0923,-0.11831,-0.028496,0.050692,-0.05598,-0.032538,0.019521,-0.064728,-0.063393,0.015079,0.062801,0.01747,0.38159,0.03611,-0.01239,0.035159,0.046419,0.16966,0.013143,-0.35333,0.040609,-0.045477,-0.0063051,-0.0073777,0.022998,0.0048073,-0.12738,0.0044552,0.0049234,0.044032,0.039482,-0.058917,0.10247,-0.038882,-0.043478,-0.05165,0.03561,-0.076789,-0.05235,0.033614,0.032889,-0.03153,-0.012447,-0.029738,-0.028475,0.074803,0.014771,0.020768,0.030585,-0.037293,0.022841,-0.018613
-0.012413,0.038071,-0.25369,0.0064856,-0.00042578,0.045638,0.041507,0.021926,0.022241,0.01467,0.022073,-0.063658,0.015215,0.020556,0.0078752,-0.01717,0.014364,0.038914,0.23594,-0.067683,0.047086,-0.026755,0.12483,-0.052578,0.18542,-0.21274,0.0071957,0.0135,0.023959,-0.10203,-0.15016,-0.022868,-0.0043904,0.034757,0.081141,-0.05341,0.0042768,-0.013854,-0.14319,0.10152,-0.013677,-0.011869,-0.025539,0.06196,0.048713,0.056143,-0.016141,0.015826,0.029464,0.0060669,0.0070978,-0.010787,-0.052294,0.039949,0.033884,0.0087397,0.0036567,0.0038987,0.17085,0.034426,-0.097176,0.23612,0.031634,0.068868,0.009984,0.083524,0.22407,0.034496,-0.036379,-0.13831,0.075799,-0.079889,-0.018282,-0.01025,0.0080701,-0.070197,0.018335,0.13611,-0.23498,0.016386,-0.44602,0.02699,-0.20598,0.033979,0.017077,-0.010086,0.0049983,-0.066202,0.07116,0.13071,-0.039467,-0.0054934,0.042974,-0.087681,-0.12448,0.038739,0.00059964,0.034865,0.038004,0.22194,0.03137,0.049358,-0.029077,-0.02094,-0.1065,-0.0026161,-0.005878,-0.032189,-0.088492,0.0040151,-0.06013,0.018624,-0.0098441,-0.037227,-0.03923,0.085691,-0.01497,-0.010201,-0.016714,0.0056757,-0.0084043,-0.068518
0.021326,0.0011933,-0.01137,0.03875,0.011513,0.058359,0.034736,0.04843,0.041999,0.014634,-0.007158,-0.027411,-0.030395,-0.05413,-0.00038726,0.097709,-0.020498,-0.011388,-0.030906,-0.063743,-0.02086,0.1191,-0.15632,-0.097178,0.11521,0.25055,-0.06094,-0.012482,-0.052646,0.075267,-0.014941,-0.07036,-0.025808,0.029353,0.052075,-0.11138,-0.0018675,-0.068317,0.018986,-0.022752,-0.049056,-0.14557,-0.065245,0.038871,-0.031966,-0.20388,-0.01377,0.039181,0.027676,-0.038416,0.0014191,-0.060654,0.016357,0.03206,0.01022,0.019003,-0.032359,0.018802,0.078751,0.0088097,0.066612,0.28445,0.10199,0.041237,-0.079627,0.063643,-0.01164,-0.013926,0.029098,0.13693,0.05387,0.17184,-0.063274,-0.01483,0.026503,-0.075082,-0.030599,0.043893,0.50829,-0.031364,-0.095397,-0.00024779,0.15867,-0.055452,0.0057081,-0.034282,0.048518,0.016895,0.089859,0.13374,-0.082031,-0.060434,0.069503,-0.046846,-0.28984,0.056544,0.0097368,-0.0044242,0.0019341,-0.11466,0.01537,-0.010875,0.0076854,-0.0070129,-0.15374,0.066162,-0.068778,-0.070852,-0.1302,-0.021796,-0.012527,0.033895,-0.017026,0.014847,-0.084368,0.077798,-0.054994,-0.04982,-0.079361,-0.08595,0.011769,-0.088528
0.0047361,0.022215,-0.13798,-0.0084911,0.089482,0.0073473,-0.0091644,-0.026051,-0.0018633,-0.015263,-0.023114,0.007735,0.035071,0.020996,0.032657,0.061629,0.029777,-0.011309,0.012246,0.032398,-0.0020837,-0.054463,0.011029,-0.020551,0.049502,-0.29406,0.14986,0.077683,0.032459,0.033401,-0.07691,0.3336,0.037613,-0.0091205,-0.034556,-0.032248,-0.089919,-0.026792,0.058265,0.075536,0.039983,0.19765,0.014291,0.032058,0.0096396,0.024561,-0.13957,-0.027322,-0.0018627,-0.025552,-0.013468,0.0035367,0.089707,0.017577,-0.0025593,-0.040558,0.030894,-0.043717,0.073755,-0.0108,-0.004606,-0.26585,-0.015923,0.0071505,-0.032331,0.018564,0.15746,0.009114,0.058435,-0.025335,-0.0087197,-0.24704,-0.049882,-0.028733,0.019009,-0.020681,0.0083746,-0.00034724,0.19333,-0.0095736,0.11547,0.011136,-0.058035,-0.059886,0.0029434,-0.002697,0.0015209,-0.015248,-0.093811,0.33159,-0.098369,-0.036517,-0.047021,0.020679,-0.24456,-0.038972,0.044068,0.0025073,-0.018706,-0.41676,-0.018999,-0.037044,0.0042301,0.051739,-0.0068184,0.098821,-0.034894,0.024687,0.016745,0.025881,0.0008174,-0.0097676,-0.036451,0.044397,0.037002,0.01002,-0.015017,-0.014238,0.0023954,0.015788,0.026219,-0.01507
-0.056062,-0.0030717,0.30694,-0.041873,-0.0023386,0.05815,0.10293,-0.017316,0.013258,0.0067723,0.06366,-0.032654,-0.025294,0.034945,-0.0044385,0.034919,0.0038993,0.09758,0.28592,0.081084,0.016487,0.14709,-0.31381,0.049379,-0.076349,0.02082,0.10113,-0.14157,0.073961,0.10054,-0.16555,-0.033323,0.031624,-0.066909,-0.069941,-0.037944,0.085601,0.042556,0.11183,-0.022012,-0.0045568,0.040875,0.095791,0.02844,0.00022135,-0.25864,0.10677,-0.049722,-0.07705,-0.0021881,0.074441,0.024635,-0.050522,0.11859,0.034396,-0.048671,-0.041229,-0.027059,0.054217,0.061164,0.18479,-0.20938,0.084871,0.019349,0.050429,-0.0609,-0.0011233,-0.010298,-0.080738,-0.090371,0.0014609,0.039498,-0.05704,-0.052546,-0.052106,0.053011,-0.083102,-0.066358,-0.19253,-0.055526,-0.24667,-0.053729,0.10838,0.0036048,-0.025052,-0.048636,0.014653,-0.0051572,-0.021434,0.22459,0.008474,0.016429,0.041326,0.03227,-0.12281,-0.01109,-0.048842,-0.020799,0.038569,0.0037632,-0.07327,-0.092397,0.11557,-0.047118,0.063095,-0.093065,0.082543,0.051836,0.027649,0.022268,0.064054,-0.023539,-0.04732,-0.055894,-0.05727,-0.078241,-0.014707,0.049558,0.069853,0.019083,-0.062192,0.039798
-0.087589,-0.0058544,-0.1707,-0.13082,-0.022282,-0.047186,-0.010885,0.052197,-0.043029,0.0040709,-0.012812,-0.030994,-0.036,0.028192,0.020721,0.18252,-0.023364,-0.097197,-0.087609,-0.015385,-0.050763,-0.025463,-0.021651,0.09268,-0.041541,0.14854,-0.037922,0.17311,0.014809,0.067505,0.046416,-0.33301,0.067716,0.071563,-0.0070986,-0.04017,0.025106,0.077108,0.013037,0.015972,0.05114,-0.32762,0.060488,0.044861,-0.00016613,0.035109,-0.13253,0.063312,0.0062509,0.049481,-0.053662,0.069174,0.11043,0.0044648,0.088582,-0.10115,0.04802,-0.06038,0.022943,-0.022796,0.075045,-0.10871,0.0055816,-0.020358,0.046131,0.027315,0.049243,-0.011633,-0.05916,-0.012006,0.0030994,-0.39646,-0.067307,-0.0099735,-0.10527,0.053321,-0.0055737,-0.12671,0.043237,0.016245,-0.09095,-0.033476,0.096776,0.072254,-0.0074592,0.0024891,0.025302,0.039494,0.052058,0.26056,-0.077462,0.10034,-0.029383,-0.12362,0.20311,-0.019708,0.038337,-0.035957,0.0064659,0.10147,-0.076267,-0.15031,0.013003,0.086639,0.031769,0.089474,0.0053037,0.01502,0.079013,0.027922,0.0093624,-0.074564,-0.068729,0.034201,0.061006,0.10561,0.0010577,0.0054785,-0.024139,-0.042349,0.062206,0.066296
0.01604,-0.027658,0.0053761,0.012328,-0.083918,-0.1167,0.056058,0.058976,0.039016,-0.052264,0.033712,0.0052755,0.074135,-0.033608,0.0087048,0.0037861,0.066398,-0.00083793,-0.20571,-0.070384,0.059442,0.088047,0.095171,0.03239,-0.022484,-0.04718,0.041,-0.12251,-0.038988,-0.093065,-0.051716,0.16879,-0.055659,-0.052091,-0.074747,-0.041086,-0.041351,0.024105,-0.16077,-0.11438,-0.043311,0.056021,0.038406,0.0050301,-0.028175,-0.0037431,0.066294,0.061091,0.012783,-0.068917,-0.10545,-0.032699,-0.076324,0.062223,0.085661,0.0046366,-0.088534,0.069905,-0.23414,-0.070858,0.013018,0.060916,0.074842,0.049193,0.053146,0.055505,0.021261,-0.015907,-0.053329,-0.010928,0.066549,0.13008,-0.088958,0.043621,-0.048687,-0.0067178,-0.00073926,-0.081175,0.10945,-0.040469,0.12371,0.078317,-0.17173,0.022201,0.021605,0.010869,0.052923,0.024495,0.041966,0.52033,0.012777,-0.086335,0.018613,-0.010781,0.28981,0.0058416,-0.1762,-0.072808,-0.03926,0.16473,0.053366,-0.073567,0.10019,-0.065773,-0.0035701,-0.13872,0.062785,-0.091025,-0.070088,0.040892,0.021875,-0.0084018,0.022058,-0.098701,-0.0906,-0.022971,0.042542,0.073021,-0.0017389,-0.0026235,0.03669,0.0074704
0.090453,-0.005242,0.22517,0.076825,0.07016,-0.1229,0.055295,0.00769,0.0038497,-0.030895,0.016594,0.044643,0.095046,-0.043365,0.075156,-0.0065415,0.061377,-0.12749,0.18208,-0.10878,0.094189,-0.077553,-0.082478,-0.041855,-0.015519,0.078385,-0.15026,0.055064,-0.070062,-0.017025,0.20618,-0.018308,-0.10311,0.039136,0.041911,0.01224,-0.26821,-0.081386,-0.067241,-0.039172,0.0094365,-0.080033,-0.050365,0.001969,0.018591,-0.16651,-0.046649,0.016216,0.04913,0.019716,-0.087206,-0.0022411,0.0010778,-0.10788,0.056968,0.095181,0.023635,-0.06828,-0.2997,-0.074354,0.0864,-0.20622,-0.045084,-0.039679,0.014762,0.061035,0.12696,0.021914,-0.0043032,-0.042314,0.037609,-0.20746,0.020954,0.067842,0.046631,-0.031415,0.039759,0.0077447,-0.03838,-0.017667,0.046103,0.11839,-0.1011,0.049707,0.093987,-0.0095051,0.068829,0.032017,0.010971,0.0048578,0.18425,-0.019,0.06671,-0.20369,-0.28602,-0.014288,0.049587,0.078832,0.072437,0.1492,0.12604,0.10964,-0.0069024,-0.012419,-0.089878,0.061104,0.042209,-0.055065,-0.035275,0.0037938,-0.057331,0.0058918,0.029136,0.0048938,0.016821,-0.12659,0.089869,0.040886,0.010077,0.0016798,-0.008689,0.00018387
-0.013719,-0.066596,0.015336,-0.039978,-0.022887,0.033172,0.047855,0.011779,-0.064144,0.016986,-0.022257,0.055197,-0.072336,0.0069966,0.022132,-0.071014,-0.024192,0.013386,-0.22154,-0.0034299,-0.048138,-0.069009,0.13866,0.0060183,-0.097053,-0.032886,-0.043734,-0.15201,0.08109,-0.1048,0.10328,0.15799,0.12507,-0.033584,0.029427,0.064161,-0.049232,0.019361,-0.16032,-0.090377,-0.013121,-0.37556,0.063114,-0.076987,-0.071217,0.1489,-0.13792,-0.030753,-0.029041,0.010231,0.096787,0.066367,-0.051919,0.077821,0.056415,-0.013343,0.0064625,-0.041709,0.22961,-0.022334,0.1553,-0.1585,0.017098,0.028184,0.030107,-0.033638,-0.0025982,0.07271,0.015093,-0.021537,0.072451,0.12413,-0.011547,-0.085374,-0.013048,0.070289,-0.013028,0.13316,0.0076285,-0.11931,0.07644,0.0082608,-0.017402,-0.019632,0.0015877,-0.046229,-0.0058969,0.06297,0.017489,0.03117,0.044035,0.00035396,0.010162,0.2005,-0.41294,-0.052722,0.017851,0.02565,-0.036196,0.26519,-0.092774,-0.022929,0.041483,-0.011392,0.085665,-0.020651,0.025438,0.041456,0.028971,0.010172,0.060407,-0.012526,-0.025957,-0.03803,-0.012286,0.076867,-0.017033,0.047416,0.026004,0.0063656,0.06282,0.0093695
-0.047632,0.023829,0.024295,-0.11058,0.08487,0.066852,0.042247,0.015793,0.026322,0.042319,-0.017837,0.017927,0.10324,0.031097,0.02568,0.10627,0.056602,0.055462,-0.27598,0.0094846,-0.005612,-0.055329,0.011522,-0.045485,-0.086549,0.11717,-0.077583,0.14132,-0.048686,0.029322,-0.30828,0.070141,0.0021239,-0.0059941,-0.048195,-0.06013,0.34243,0.010072,0.023259,0.023962,0.046279,0.21364,0.035109,0.06541,0.032117,-0.033633,-0.054579,-0.011398,0.0070964,-0.014146,-0.051348,-0.016419,0.081719,-0.011939,0.064681,-0.0087337,-0.026079,0.030945,-0.052498,-0.015947,0.046213,0.1213,-0.023261,-0.063299,-0.0071054,0.10777,-0.14625,-0.12746,-0.024584,-0.018939,-0.013279,-0.069173,-0.07234,0.014271,-0.036234,0.002489,0.027994,-0.19185,-0.17985,0.054108,0.15962,0.01025,-0.066712,-0.011148,0.051044,-0.069177,0.052057,0.023464,-0.055458,-0.080853,-0.11809,-0.0084291,-0.054129,-0.15375,-0.36959,0.0084252,-0.048116,0.018031,0.037021,0.218,0.15666,0.019985,0.078436,0.03489,0.011444,0.033956,0.016101,0.056511,0.020053,0.045778,-0.076795,-0.042714,-0.0042192,-0.08687,-0.0002768,0.081142,-0.00014144,-0.033214,-0.038305,0.045848,0.039882,0.026026
-0.039874,-0.012904,-0.11263,-0.063331,0.088141,0.014086,-0.023177,0.0033737,-0.036738,0.00085745,-0.0064434,-0.075099,-0.02369,-0.0196,0.024486,0.075191,0.0018764,-0.090043,-0.096554,-0.018364,0.0027888,-0.05096,-0.17941,0.018422,-0.11934,-0.18174,0.13023,0.13622,0.038514,0.02872,0.10506,0.25768,-0.024732,-0.0038014,-0.00071096,0.060226,-0.027886,0.015047,0.053466,-0.21522,0.023436,-0.010695,0.031726,0.052519,0.00062802,0.021369,-0.26543,0.02787,-0.025054,0.10549,-0.012997,-0.052189,-0.066721,-0.073149,0.048034,0.0021895,0.049759,-0.041062,-0.16553,-0.043003,0.065778,0.11621,0.011992,-0.049125,0.077195,0.016143,0.007233,-0.02759,0.019655,-0.12929,0.086227,0.29716,-0.056259,-0.002411,-0.050169,0.062844,0.015976,-0.1381,0.13217,-0.0034076,-0.33068,-0.043473,0.08229,0.067555,0.099161,-0.061642,0.052541,-0.01397,-0.032857,-0.09351,-0.035557,0.11847,-0.099171,-0.030667,0.086217,-0.026275,0.24388,-0.017808,0.08648,0.069594,0.070994,0.080763,0.048856,-0.0084077,0.01574,0.039408,-0.017614,0.060803,0.092304,-0.00253,-0.062777,-0.041945,-0.037026,0.006622,0.029305,-0.13417,0.0076603,0.054355,-0.0082699,0.039691,-0.2134,0.078049
0.041783,0.0033147,0.019013,-0.12941,-0.063237,-0.079749,0.036066,-0.076269,-0.039863,0.032242,0.0033286,0.056794,0.034706,0.055034,0.0063563,-0.091912,0.005282,0.043903,0.08341,0.044599,-0.026352,0.0027606,-0.044448,0.057862,-0.19487,-0.053104,-0.29776,-0.059983,0.068675,-0.056934,0.0031885,-0.016088,0.081435,0.070296,-0.13648,0.061868,-0.12335,-0.044091,0.060034,-0.1917,0.035535,0.01658,0.038626,-0.010795,-0.13593,0.045998,0.061769,-0.10112,-0.07496,-0.012163,-0.036328,0.074026,0.043113,0.055767,0.0095317,-0.054479,-0.01845,0.12362,0.0051873,-0.016164,0.078242,0.46356,0.084746,-0.0071426,-0.0018594,-0.10486,0.26131,0.012152,0.033815,-0.11306,-0.057587,-0.16971,0.053555,0.027434,0.018349,0.017438,0.057246,-0.23278,0.099063,-0.069499,-0.014959,0.037456,-0.0621,0.069159,-0.018735,-0.00092595,-0.0010771,-0.079657,0.012727,-0.058901,-0.020024,-0.0030223,-0.057542,0.056297,-0.080861,-0.056302,-0.072874,-0.054601,0.024511,-0.15639,-0.020517,0.10115,0.015498,-0.017135,0.091931,-0.011316,0.080406,0.066696,0.057784,0.033147,0.10409,-0.052393,-0.00054526,0.015095,0.034617,-0.058235,0.031178,0.0080831,0.11455,0.038486,0.22576,0.017184
-0.057322,-0.052949,0.013425,-0.055488,0.072864,0.044527,0.029466,-0.036472,-0.12952,-0.0083901,0.0012033,-0.085356,-0.05676,0.0073282,-0.055481,-0.022949,-0.039567,-0.06033,-0.29691,-0.11197,0.065604,0.15393,0.079471,0.074301,0.24164,0.093399,-0.172,0.078433,0.10936,-0.055758,0.13455,0.21721,0.047893,0.029297,0.094932,-0.07372,0.075146,0.0075058,-0.15986,-0.054419,-0.051811,0.2021,-0.032742,-0.0058226,-0.038081,-0.29823,0.033282,0.011698,-0.040652,-0.0055859,-0.15221,0.065201,0.002301,0.10121,-0.063908,0.04493,-0.004335,-0.14733,0.099122,-0.013812,-0.064022,-0.0019846,0.014314,-0.031826,0.087115,-0.0055326,0.017216,-0.085858,0.082296,0.14157,-0.1372,-0.10835,0.010133,-0.068832,-0.10317,-0.015036,0.018166,-0.037361,-0.1339,-0.066537,-0.19803,-0.025587,0.11038,0.084344,-0.050198,-0.058899,-0.012294,0.049778,0.058108,0.0080479,0.23578,0.0042226,0.15228,0.052406,0.04005,-0.018824,0.052074,-0.017052,-0.041301,-0.082613,-0.044728,0.10204,-0.097367,0.034081,0.041946,0.043646,0.065322,-0.016997,0.030508,-0.049603,0.061894,0.0058634,-0.028464,0.044689,0.047117,-0.0072904,0.034729,0.10933,0.098423,0.027509,0.0627,0.02715
0.046545,0.096357,0.011209,0.072386,0.026772,0.043998,0.1259,0.055867,0.060467,0.079187,0.11074,-0.049685,-0.14731,0.0053647,0.0089089,0.12537,-0.0012405,0.066359,0.12975,0.10539,0.019671,0.10689,0.069767,-0.010804,-0.010336,-0.033768,0.18067,0.079709,0.16705,0.023909,0.087125,0.075783,-0.0085932,-0.14317,-0.13501,-0.059523,-0.041749,-0.037522,-0.18411,-0.058264,0.017266,-0.12682,0.030175,0.12308,0.089298,-0.027335,-0.10922,-0.0034984,-0.045689,-0.020067,0.044912,0.011642,-0.014658,0.13598,-0.078376,-0.084353,-0.06016,-0.016522,-0.16875,-0.0010711,0.016925,0.18861,0.0022827,-0.058211,-0.021326,-0.11477,-0.19456,0.11742,-0.013959,0.038436,0.03943,0.036194,-0.027213,-0.16021,-0.081713,0.02602,-0.030247,0.024054,-0.19347,-0.087221,0.14898,-0.052442,-0.034034,-0.067803,-0.083845,-0.091191,-0.03472,0.10467,0.091862,0.0054733,0.014034,-0.028876,-0.073938,-0.23134,0.017793,-0.074537,0.070459,0.069046,-0.040494,-0.084422,-0.02983,0.10156,-0.10726,-0.0090384,-0.034324,0.17382,0.011391,-0.1051,0.017365,0.005721,-0.0046984,-0.059657,-0.064617,-0.033798,0.13318,-0.092115,-0.060746,-0.13069,-0.037275,-0.11104,0.28906,-0.06353
-0.089661,-0.05913,-0.053877,-0.039993,0.0069768,-0.078219,-0.011157,-0.051663,-0.12251,-0.078855,-0.025214,0.028338,0.0026065,-0.030382,0.050581,-0.077053,-0.064985,0.031206,0.13132,-0.076723,-0.027581,-0.098819,-0.10547,0.042536,0.11924,0.015453,-0.050756,-0.04602,-0.041835,0.0035569,-0.31193,-0.09569,-0.0060745,0.016693,-0.12099,0.050759,0.26495,-0.053389,-0.25314,-0.046751,-0.014271,0.047112,0.030056,0.075399,-0.060027,0.11162,-0.038608,-0.04273,-0.035163,-0.040169,-0.017028,0.027557,-0.095217,0.030014,0.036855,-0.032798,0.085199,-0.029523,-0.22156,-0.01364,0.0455,0.010763,0.004638,-0.050748,-0.033265,-0.14238,-0.017173,0.0871,0.083099,-0.0029398,0.1226,-0.063212,0.16591,-0.080741,-0.021352,-0.039168,0.05343,0.26975,0.142,-0.061999,0.096776,0.043119,0.15864,0.0023774,0.0089156,-0.0087377,-0.033385,0.079237,-0.022017,0.064854,0.17941,-0.065369,0.020812,-0.051756,0.054227,-0.095705,0.17159,-0.025974,-0.010884,-0.01838,-0.017711,0.2252,0.059971,-0.0072174,0.014895,0.056601,0.03737,0.17159,0.025302,0.052189,0.1279,-0.032237,-0.011243,-0.037592,0.029468,0.15648,0.030513,0.0038653,0.066274,0.045147,-0.18249,-0.031741
-0.15596,-0.047273,-0.11799,-0.133,-0.084325,-0.093085,-0.014062,-0.097762,0.021712,-0.050376,-0.038383,-0.11424,-0.07084,0.034008,-0.044353,0.051484,-0.055368,-0.044082,0.033743,-0.027757,-0.0030644,0.020189,-0.12416,-0.043963,0.098258,-0.054284,0.089356,-0.070786,-0.075507,0.10768,-0.036635,0.1059,-0.012182,0.18877,0.056621,-0.019838,0.092176,-0.025851,0.26197,-0.24784,0.014339,-0.11124,-0.11061,-0.11954,-0.10112,0.07392,0.1088,0.021772,0.054365,-0.0018494,-0.035508,-0.035556,-0.02189,-0.074138,-0.010964,0.081787,-0.011027,-0.034499,-0.055916,0.030184,-0.020297,-0.094157,0.0048297,0.01888,0.030382,0.053377,-0.07456,0.12517,-0.12784,-0.034774,0.031942,0.054388,-0.046712,-0.092357,-0.023632,0.020013,-0.012016,0.10228,-0.078196,0.025911,0.070951,-0.029622,-0.013158,0.034895,0.052171,-0.033291,0.00046914,-0.057641,0.0018325,0.0093212,0.038552,-0.026763,0.15768,-0.086575,0.0057889,0.07777,0.062186,0.0052122,0.12049,-0.034584,0.10118,0.11802,-0.041244,-0.015675,-0.033343,-0.070484,0.010245,0.1238,-0.054193,-0.029322,-0.074633,0.1024,0.045922,0.067406,-0.068857,0.11899,0.029553,0.04852,0.00054048,0.11029,0.50963,0.10165
-0.028559,-0.021061,-0.06914,0.027598,-0.048329,0.024209,0.01821,0.050189,-0.05017,-0.010038,-0.0010453,0.032007,0.034487,-0.027583,0.021593,-0.059307,0.012247,0.087561,0.085178,-0.0024187,0.051694,0.11092,-0.19144,0.079147,-0.014954,-0.12672,0.096943,-0.053262,-0.11421,-0.085616,0.030221,0.06782,-0.049641,-0.057205,0.082538,-0.048615,0.016635,0.016121,0.10886,-0.22063,0.017815,-0.11392,-0.0054606,-0.079726,-0.12854,0.20769,-0.0022784,0.040173,-0.0035859,0.025371,-0.089555,0.096514,0.012655,0.023985,-0.09616,0.08147,0.020902,0.073053,0.18613,0.068564,-0.12272,0.052842,-0.00071397,-0.06757,-0.038122,-0.041255,-0.10474,-0.19763,0.023969,0.34807,-0.074341,-0.07483,0.072196,0.024087,-0.037727,-0.019643,0.14363,-0.10939,-0.062065,0.23104,0.076374,0.019544,-0.035407,0.041132,-0.0032585,0.14491,0.028033,0.1847,0.016806,0.084489,0.078764,0.051256,0.013659,-0.28629,-0.11536,-0.021043,0.051922,0.00038996,0.059561,0.041245,-0.10591,0.019861,-0.0094897,0.012902,-0.06464,-0.12838,0.0070162,-0.051842,0.00085071,-0.016325,0.13791,-0.060563,-0.073292,-0.051919,-0.0061012,-0.095624,-0.0041437,0.026735,0.072356,-0.079796,-0.17004,-0.077701
-0.013145,-0.10823,-0.060795,-0.063226,-0.10012,-0.13526,-0.063012,-0.056031,-0.16413,-0.083645,-0.093,-0.13701,0.070235,-0.012464,0.069525,-0.072255,-0.066316,-0.16375,0.15171,-0.096966,0.00062921,-0.098933,-0.018779,0.056287,0.070031,0.058276,-0.018305,0.029629,-0.021214,-0.00077681,0.11219,-0.1852,-0.081311,-0.10706,0.028929,-0.046194,-0.069115,0.015796,0.11691,0.17533,-0.026107,0.22279,0.054759,0.1949,0.12948,0.076817,-0.079497,0.023593,-0.01022,0.015275,-0.01622,0.0059044,0.054015,0.041188,0.0778,0.059252,-0.007747,0.055425,0.062648,-0.035307,-0.0046023,-0.022486,-0.002242,0.048585,0.070658,0.013002,-0.074669,-0.17567,0.14134,0.093219,0.044117,0.23164,-0.05133,0.055593,-0.017839,0.0094483,0.02648,-0.033944,-0.081967,-0.00081684,0.017837,0.032047,0.054979,0.0053613,0.051596,-0.03704,0.10087,0.08871,-0.014191,0.13221,0.03076,0.0096073,-0.27046,0.17691,-0.096831,-0.0825,0.11384,-0.07434,-0.049257,0.065776,-0.096917,0.11686,0.071104,-0.0050738,-0.016778,-0.039229,-0.0031352,0.027778,0.023599,0.014921,0.051304,-0.038819,-0.020801,-0.057839,-0.015068,-0.069859,-0.039564,-0.0064976,0.014881,-0.079803,0.35015,-0.10199
0.074592,-0.0097591,0.10147,0.13402,0.013848,-0.13669,-0.0046186,-0.021738,0.045309,-0.028304,0.015003,0.067316,0.11472,0.0073452,0.052549,-0.21557,0.060749,0.0088734,-0.0073258,-0.052041,0.0063403,0.14799,-0.039291,0.0041261,0.034817,0.0041514,0.062553,0.018478,-0.010761,0.022812,-0.093461,0.15396,-0.0035064,-0.074914,-0.1314,0.013038,0.12716,0.021939,-0.22797,0.031563,-3.292e-05,-0.099185,-0.006336,-0.047019,0.0041284,-0.014383,-0.049296,-0.046057,-0.018394,0.022561,0.073603,0.017177,0.025335,-0.052963,0.047583,-0.0016642,0.07597,0.013613,0.023857,-0.025637,-0.22716,-0.042621,-0.0080966,-0.0040249,0.059458,-0.066045,-0.32163,-0.039138,-0.035539,0.0038512,0.041423,-0.21106,0.10402,0.18929,0.15131,-0.023596,0.034513,-0.029455,0.1924,0.022035,-0.27638,0.056468,0.032022,-0.021025,0.060108,0.066082,-0.0013445,-0.14253,-0.081675,-0.069748,-0.098355,-0.013491,0.016431,0.042342,0.0030619,-0.026424,0.14099,-0.067246,0.066697,0.084076,-0.048981,-0.1764,0.047164,0.0082399,0.026955,-0.025789,0.011846,-0.002504,0.052158,0.040878,-0.032579,0.020462,0.057485,0.044517,0.018922,-0.12916,0.02335,-0.079379,0.040333,-0.050989,0.33039,0.017066
0.053154,-0.0030575,0.063936,0.063305,-0.031431,0.1248,-0.0066365,0.024657,0.1058,0.068322,0.075427,0.042177,0.0024215,0.0069123,-0.040136,-0.015271,0.021622,0.041607,-0.14313,0.098445,0.044201,-0.12068,0.006497,-0.0041414,-0.011897,0.029095,0.068684,-0.073409,-0.098653,-0.040274,-0.14468,-0.16116,0.020464,0.042211,0.13702,0.18363,0.074257,-0.0066405,0.033113,-0.18649,-0.028232,0.14823,0.0036574,-0.12833,-0.10175,-0.039922,-0.13152,0.030726,0.014641,0.037345,-0.044026,0.048585,-0.05061,0.053386,-0.050589,-0.032299,0.0073997,-0.0319,-0.044855,-0.092285,-0.036062,-0.091684,0.004135,-0.059613,0.21267,-0.048902,0.25134,0.051362,0.14769,0.052219,0.0061819,0.038371,0.0073142,-0.025687,0.10265,0.020951,0.0089054,0.15585,0.043064,0.036172,-0.15547,0.042837,0.14433,-0.040084,-0.031809,0.0096376,-0.086357,0.020099,-0.1552,0.011652,0.08549,0.032648,-0.34208,-0.13624,-0.0018327,0.0011921,-0.074703,0.12657,0.064744,-0.0033039,0.070392,-0.084976,-0.084751,-0.015924,0.028818,-0.042127,0.01021,-0.30509,0.018432,-0.011615,0.019568,-0.035082,-0.016385,-0.071486,0.043303,0.044589,-0.006504,-0.016706,-0.011608,-0.12461,0.22387,-0.0050334
0.014533,0.026064,-0.02886,0.048461,-0.17906,-0.15932,0.042487,-0.01765,0.021031,0.11009,0.024468,-0.16029,-0.032206,0.065442,0.028667,-0.078793,0.017106,-0.024054,0.052275,0.019755,0.070015,-0.029198,-0.082938,0.051892,0.1571,0.058389,0.044727,-0.064531,0.052871,0.072645,0.10538,0.051823,0.08535,0.29302,-0.021412,0.112,-0.017131,0.051095,0.12475,-0.05177,0.059323,0.070558,-0.0048117,0.023773,-0.016796,-0.026228,-0.023536,0.0035573,0.016676,-0.018658,0.063315,0.059414,0.064233,0.074428,-0.074458,0.091409,-0.099173,-0.025901,-0.03688,-0.067772,-0.18485,0.080371,-0.016692,0.026617,0.017124,-0.051748,-0.32205,0.13082,-0.074103,-0.02985,-0.023595,-0.1843,-0.12992,-0.046158,0.0039988,0.04555,0.034895,-0.045147,0.03782,-0.13957,0.034494,0.024036,-0.027629,-0.023564,-0.046499,-0.08335,-0.051248,-0.12617,0.029645,0.096369,-0.019306,-0.015785,-0.31434,0.13196,-0.1206,0.032612,-0.0322,0.0054445,-0.0058512,0.14854,0.019838,0.10554,-0.10064,-0.014814,0.025432,-0.024757,0.02991,-0.1713,0.0004158,-0.0036402,0.065768,0.045284,0.020263,0.063688,0.032572,0.12424,0.031067,-0.0088176,0.0041346,0.040705,-0.30146,0.034292
-0.034118,0.042652,-0.21142,0.11734,0.27883,-0.026669,0.026288,0.20412,-0.033067,0.034251,0.0079502,0.02429,0.020894,-0.06844,-0.036331,-0.048324,0.049156,0.083787,0.12707,-0.070855,-0.013054,-0.033682,0.05841,-0.034961,-0.20978,-0.0035336,0.035123,0.0062825,0.049978,-0.032924,-0.067987,-0.10516,0.0096027,-0.042851,-0.016566,-0.015189,0.051664,-0.065732,0.071696,-0.21779,-0.054088,0.045136,-0.077823,0.019951,-0.11243,0.0014956,0.10502,0.066426,0.013639,-0.087788,-0.036132,-0.026176,0.04085,0.17609,-0.020351,0.11882,0.0025613,-0.065392,-0.024282,-0.075495,0.064585,-0.15048,-0.033057,0.050937,-0.13252,-0.0062239,-0.055301,-0.019353,0.14478,-0.025265,-0.012456,-0.0009435,0.090836,-0.0077551,0.039817,-0.042044,0.019514,-0.30133,-0.040645,-0.13833,-0.019755,0.046198,0.03832,-0.036173,0.032954,-0.041863,0.008005,0.063864,0.031169,0.0098561,-0.019883,-0.12819,0.10777,0.3216,0.055565,0.026052,0.14292,0.068526,0.23637,0.074062,-0.0010291,-0.00052461,-0.099533,0.030385,-0.093482,0.060786,-0.010815,-0.16758,-0.049619,0.00337,-0.044636,0.026259,0.053416,0.010342,0.067746,0.15552,0.017368,-0.011534,0.020455,-0.083454,0.026361,-0.08075
0.090371,0.011984,-0.092588,-0.010655,-0.13726,0.18544,0.044291,-0.23538,0.099282,-0.11448,0.023339,-0.020547,0.039806,-0.022478,0.059612,0.079958,-0.029661,-0.17153,-0.12613,-0.032629,-0.00028481,0.041196,0.063261,-0.071301,-0.071683,0.047639,-0.038204,0.024542,0.045803,0.035447,-0.021335,-0.032124,-0.049486,-0.20976,-0.036936,-0.014537,-0.0056599,-0.056636,0.26408,-0.16428,-0.052413,-0.10911,-0.010188,0.085845,0.1052,0.0087317,0.10987,-0.10402,-0.031316,-0.071109,0.13368,0.016157,0.15469,0.14433,0.017784,0.0018515,0.022055,0.059578,-0.1133,-0.074137,-0.37007,-0.060262,0.11711,0.073955,0.024204,-0.066216,0.094051,-0.0054842,0.03904,0.17572,0.14278,-0.042252,-0.014728,-0.06016,-0.0027887,-0.073777,-0.11208,0.067128,-0.052579,-0.14823,-0.069103,0.034039,-0.099518,-0.026247,0.054805,-0.049733,0.019413,-0.087703,-0.078797,-0.048159,0.069677,-0.12176,0.041868,0.0027337,-0.01597,-0.063024,0.039084,0.055157,0.074188,0.010467,0.025935,-0.092599,0.065709,0.02537,-0.019879,0.13362,0.09761,0.11198,0.064265,0.083877,0.11017,0.048617,0.013706,-0.11875,-0.0027612,-0.023211,0.024093,0.035525,0.028773,-0.027492,-0.12663,-0.0097237
-0.085594,-0.0088905,-0.21815,0.042572,0.059852,0.030129,0.085171,-0.0021363,-0.018401,0.11066,0.011295,-0.0067127,0.073483,0.0072891,0.037939,-0.0016079,0.088306,0.17011,0.014812,-0.019149,0.078876,0.13173,0.067774,-0.00054565,-0.093121,0.08802,-0.27586,-0.080034,0.21824,-0.069213,0.017937,-0.033751,0.042389,-0.12797,-0.058714,-0.076998,0.0095123,-0.05383,0.15067,-0.0080412,0.035359,0.063733,-0.032498,-0.06497,-0.020766,-0.05273,-0.065057,0.048859,-0.036799,-0.028234,0.039794,0.023564,-0.031565,-0.00082764,0.053017,-0.065651,-0.1316,-0.062771,0.13633,0.0010765,-0.1325,-0.23795,-0.10328,-0.046802,-0.18333,-0.014431,-0.011724,0.17156,-0.012169,-0.067352,0.050442,0.13766,-0.044002,0.046097,-0.065299,-0.053365,0.12711,0.094192,0.086762,0.064787,0.026044,0.081227,0.18278,0.11614,-0.025864,0.14537,0.022611,-0.21625,0.05437,0.039408,-0.035033,-0.043493,-0.15168,-0.2193,0.044846,-0.038904,-0.040369,-0.096461,-0.059164,0.089916,0.05961,0.1446,0.05061,-0.032182,-0.0024745,0.032934,0.041009,0.037207,-0.039575,0.012312,-0.12271,-0.032472,-0.031981,0.050611,0.075879,-0.17737,0.028432,0.0016638,0.086263,0.11497,0.015754,-0.049158
0.042744,0.031132,0.00305,0.11762,0.026951,0.074904,-0.040847,0.045548,0.1144,-0.10053,-0.019308,0.22278,-0.020019,-0.033133,0.028872,0.022704,0.056648,0.015063,-0.20297,-0.048611,0.041312,0.048525,-0.21795,-0.023435,0.24759,0.08151,0.07099,-0.16381,-0.085966,0.0039877,0.17286,0.026165,0.064953,-0.13313,-0.056327,0.025806,-0.095354,-0.0070692,0.060796,-0.040763,0.010952,0.084765,0.061247,0.11029,-0.033306,0.19018,0.025836,-0.016806,0.00010277,-0.033062,0.089149,0.014364,0.086467,0.039214,-0.035781,-0.087893,0.084059,-0.018689,-0.10076,-0.0030657,0.11916,-0.03661,0.0057101,-0.034899,-0.45471,-0.021321,0.030164,-0.14758,0.093444,-0.14756,-0.041719,-0.086296,0.0040962,-0.07381,0.032456,-0.015997,-0.049691,-0.019473,-0.069662,0.012854,-0.20233,-0.011088,-0.015001,-0.066995,-0.031367,0.00021339,0.013502,0.018352,0.086141,-0.024942,-0.00099043,-0.04623,-0.13889,-0.072576,0.024678,0.057775,-0.050207,-0.0088079,-0.1436,0.066017,-0.060899,0.11708,0.045387,-0.0055048,0.0098813,-0.0722,-0.04042,0.060846,0.027752,0.010685,-0.031697,0.070073,0.068904,0.003454,0.048033,0.18184,0.032056,0.0096245,0.022446,0.040083,0.10245,0.091644
-0.07647,0.001987,0.04151,-0.16874,-0.038776,0.22969,0.01644,-0.086896,-0.03924,-0.0033062,7.5274e-05,-0.051575,0.00022248,-0.01037,-0.022842,0.14113,0.053203,0.05113,0.062096,0.025909,0.070102,-0.17612,0.086417,0.020605,-0.060922,-0.018517,0.043847,-0.16464,0.059178,-0.053055,0.085843,-0.074754,0.022731,0.20559,-0.0014442,0.13255,-0.056102,0.038866,-0.24503,0.13031,-0.036102,0.026164,0.07916,0.0853,0.064894,-0.11347,-0.080158,0.012565,-0.017918,0.029638,-0.021852,-0.0021809,-0.086824,0.087325,0.0026613,0.071803,0.023785,0.008641,-0.013608,0.011411,-0.24952,-0.084069,0.040481,0.070049,-0.36065,-0.0081559,-0.029141,-0.050303,-0.026851,0.055248,-0.0029843,0.077866,0.08373,-0.026895,0.10029,0.07684,0.0031178,-0.21619,0.10909,-0.005977,0.044485,0.014467,0.031016,0.034509,0.1055,-0.096582,0.055321,-0.11863,-0.079422,-0.01184,-0.05878,0.1269,0.088035,-0.18225,0.0024384,-0.02607,0.099582,0.024625,0.1372,-0.042413,-0.017926,-0.019857,-0.11469,-0.020133,0.059771,-0.16131,0.030528,-0.0061487,-0.017169,-0.0088132,0.10674,0.03166,-0.01269,-0.16523,-0.11338,0.089902,0.016347,0.071851,0.028337,0.060295,0.088587,0.026338
-0.061312,0.051311,-0.12488,0.10939,-0.00017533,0.11552,-0.016783,-0.017276,0.13328,0.015089,0.008523,0.19764,0.03964,0.05465,7.4872e-05,-0.062723,-0.043082,0.013672,0.01677,-0.022576,-0.00097251,0.049788,0.048357,0.0087079,0.029869,0.027478,0.042947,-0.078483,0.014147,-0.0088183,0.076575,-0.14838,-0.00061931,0.31386,-0.18622,-0.11253,-0.063595,0.004971,-0.12558,-0.066991,0.04353,0.029345,-0.02699,0.055516,0.063571,0.12821,-0.026697,0.013807,-0.012685,-0.085786,0.076045,-0.015871,0.053037,0.0054078,-0.0027388,-0.02226,0.050903,-0.069946,-0.094753,0.10458,-0.068461,-0.13477,-0.091542,-0.00089257,0.46717,-0.082777,0.040185,-0.28057,0.026389,-0.0026675,-0.037363,0.17409,0.071527,-0.047677,-0.017995,-0.028769,-0.029042,-0.17441,0.0020119,-0.093965,-0.016389,0.0027079,0.081805,-0.033228,-0.0027664,0.010048,-0.031298,-0.077686,0.17036,0.026802,-0.073545,-0.13496,0.0653,-0.13155,-0.13575,0.08519,-0.0701,-0.067997,-0.055933,-0.055249,-0.032308,0.056652,-0.071496,0.00071821,0.052326,-0.033725,-0.0091386,0.11144,0.021401,-0.010277,-0.057194,0.024897,0.0129,-0.004359,0.0013953,-0.0093964,0.0040765,-0.064728,0.02478,0.11433,-0.030082,0.0050964
0.10353,0.049742,0.072999,-0.020048,-0.055993,0.13181,0.037822,-0.042736,-0.025579,0.10372,0.035721,-0.012231,0.099262,-0.00054742,0.042932,0.0081459,-0.015693,0.0041155,-0.0059123,0.056759,-0.011988,0.034798,0.006279,0.031075,-0.056896,-0.045381,0.065715,0.14027,-0.020044,0.015022,-0.11099,-0.034925,-0.058619,0.40663,-0.081056,-0.10584,0.058828,-0.061113,-0.054365,-0.1117,0.04454,-0.10062,-0.065184,-0.052672,0.047186,0.021984,-0.046232,0.0097659,0.011532,-0.025872,-0.14432,0.0064806,-0.04501,-0.11551,0.10944,0.0015976,0.021717,-0.025899,-0.12767,0.02499,-0.066758,-0.057925,-0.016921,-0.05603,-0.38175,-0.070906,0.081602,-0.14758,-0.042811,0.14006,0.054808,0.069956,-0.10266,-0.076267,-0.098811,-0.040677,0.10325,0.09787,-0.093804,0.030043,-0.096289,-0.00047606,-0.0028738,0.09048,-0.027145,0.088364,-0.057283,0.056752,0.040624,0.017953,0.050204,-0.0075196,-0.092171,0.35365,-0.039286,0.056628,-0.079076,-0.064179,-0.18456,-0.011826,0.051249,-0.093535,-0.017939,0.011023,-0.068265,0.088795,0.0023094,0.035473,-0.034135,0.021202,0.029842,-0.01894,0.023099,0.021228,0.064152,-0.19472,0.023828,-0.062329,0.044369,-0.056941,0.062655,-0.02185
