0.0013552,0.0035642,0.0023739,0.0062869,-0.0012554,-0.00079061,0.0080497,0.0064364,0.0025097,0.0058122,0.0042142,-0.00018277,0.0024767,0.0007196,0.003794,0.0036449,0.0013693,0.0039073,0.0038604,0.0016178,0.006809,-0.0016399,0.0037171,0.0089635,0.0038786,0.0012049,-0.0090323,0.0040229,0.006003,0.0015134,-0.00087286,0.0012101,0.0013136,0.0059909,0.0030994,0.01128,0.003495,0.0054898,0.0034063,0.0036579,0.0032526,0.0041681,0.0054147,-0.0030051,-0.003614,0.0023172,-0.0018787,0.0030012,-0.00053405,-0.002855,0.00049209,0.00080917,0.0033762,0.002315,-0.0015268,0.0024649,0.0030549,-0.00052774,0.0040308,-0.0015158,0.00056678,0.0029506,0.005913,0.0020446,0.0011425,0.00057647,0.0067252,0.0042885,0.0018157,0.0054964,-0.0010998,0.0066448,0.0042981,0.007629,0.0016076,0.0059159,0.0049774,0.0059405,0.006524,-0.0023273,0.0017725,0.00024922,-0.0062858,-0.00077245,0.0026022,0.0069914,0.0049574,-0.0015921,0.0044106,0.0029884,-0.00052361,-1.9967e-07,-0.00084787,0.0052757,0.0025475,-0.00018506,0.0014571,0.0014953,0.0028838,0.0029683,-0.012787,-0.017269,-0.016161,-0.0022736,-0.0061944,-0.012339,0.006886,-0.0034628,-0.010094,-0.015262,-0.0072096,-0.0051074,-0.0046015,-0.010841,-0.0050324,-0.0033268,-0.0045213,-0.015234,-0.0027174,-0.0088561,-0.013194,-0.0098374,-0.011036,-0.0071734,-0.0098966,-0.0028341,0.00082017,-0.010161,-0.016178,-0.012483,-0.0039725,-0.0041764,-0.0066011,-0.0092385,-0.013634,-0.011717,-0.0044103,-0.0048536,-0.0014954,-0.014515,-0.012301,0.00050566,-0.011429,-0.0090958,-0.0095561,-0.0070714,-0.015352,-0.0091211,-0.014425,-0.0016369,-0.0052591,-0.012948,-0.013415,-0.012747,-0.0073446,-0.013971,-0.015409,-0.012515,-0.0036407,-0.0066177,-0.0083272,-0.0066373,-0.01661,-0.012633,-0.0016969,-0.00034927,-0.0015429,-0.0080931,-0.0057218,-0.005748,-0.01577,-0.009634,-0.014081,-0.012046,-0.0014137,0.0025671,-0.0086768,-0.0094431,-0.013246,-0.0063949,-0.011343,-0.014555,-0.0066261,-0.0078918,-0.016971,0.0036969,-0.0069748,-0.010549,-0.0089776,-0.010307,-0.011706,-0.0082069,-0.0084736,-0.011502,-0.012196,0.0060332,-0.014063,-0.0067751,-0.016699,-1.068e-05,0.0074099,0.014286,0.0066033,0.0028044,0.0032027,0.014278,-0.00063391,0.0073844,0.0086001,0.013298,0.0056725,0.015702,0.0089169,0.011198,0.0048173,0.0075921,0.0030689,0.015174,0.0065854,0.0037868,-0.0085241,0.0027428,0.005939,0.0066843,0.0066522,0.0038665,0.010575,0.0098605,0.0021324,0.008997,0.013781,0.011815,0.0096249,0.018747,0.0034169,0.012719,-0.0081306,0.00027383,0.0031164,0.0081899,0.011378,-0.0028889,0.0034766,0.010092,0.0043857,0.0046312,0.011627,0.0027121,0.0081997,-0.013405,0.0069386,0.0065402,0.0080441,-0.0063625,0.011068,0.0044367,0.017013,0.012426,0.0049654,0.0011886,0.0056971,0.013481,0.0021291,-0.0077189,0.0028626,0.0067578,0.0075332,0.0073078,0.0068541,0.0029616,0.0026782,0.022928,0.0083133,0.0041984,0.007409,0.010688,0.0070364,0.0092706,0.0057725,0.99029,0.0040256,0.010753,0.007932,0.0020251,-0.0054893,0.0080214,0.002471,-0.00088296,0.0036682,0.016913,0.0066209,0.0097159,0.013882,-0.0031971,0.0045691,-0.0072871,0.01639,0.010214,0.0074902,0.0071167
-0.019052,-0.0067394,0.0072688,0.0046448,-0.016929,0.011348,0.011865,-0.00076756,0.0098879,0.0034005,0.010619,-0.01679,-0.0030256,-0.030061,0.016606,0.0029101,0.0075953,-0.011309,0.0045347,0.011973,0.0092464,-0.0094784,0.0053903,0.012991,0.0069703,0.033896,-0.068475,-0.010335,-0.013287,1.1676e-06,-0.01315,-0.0017582,0.010994,-0.0019995,-0.011992,0.009254,-0.00060628,-0.0015226,-0.013504,0.007323,0.0087286,0.017344,0.0012781,-0.019331,-0.033202,-0.019777,0.014395,0.001671,-0.0028719,-0.018963,-0.0073926,-0.01553,0.0018607,0.023465,-0.013996,0.0012211,-0.0058702,0.004168,0.014479,-0.0044626,-0.0012481,-0.0063881,0.0063442,0.0073631,0.0093918,0.0013582,0.01187,0.0051763,0.00047377,0.0026575,-0.0048673,0.012267,-0.023284,0.007452,-0.0070288,0.0033533,0.0076738,0.012172,0.0080575,-0.031679,-0.017008,0.00047414,-0.018227,-0.0097111,0.01387,0.014664,-0.083472,0.007136,0.016838,-0.014309,0.0021165,-0.022328,-0.022555,0.0080184,6.3625e-06,-0.0037966,0.0010718,0.00064391,-0.0052942,-0.0093224,-0.09308,-0.079847,-0.094308,-0.06104,-0.042292,-0.073846,0.0321,-0.080013,-0.031808,-0.085617,-0.071202,-0.0636,-0.043961,-0.064496,-0.03696,-0.03594,-0.060485,-0.084449,-0.044052,-0.060808,-0.068161,-0.080687,-0.066487,-0.041412,-0.06625,-0.038729,-0.0057883,-0.090251,-0.09538,-0.097628,-0.050436,-0.081681,-0.087282,-0.084079,-0.086888,-0.064098,-0.061343,-0.03034,-0.026825,-0.083628,-0.08683,-0.025207,-0.068355,-0.072746,-0.063128,-0.04459,-0.085336,-0.07856,-0.10465,0.0077675,-0.056516,-0.096311,-0.065803,-0.092246,-0.046563,-0.074688,-0.072957,-0.077002,-0.021257,-0.048605,-0.053047,-0.036981,-0.14166,-0.074553,-0.059572,-0.034093,-0.020179,-0.053872,-0.038929,-0.031722,-0.10189,-0.074793,-0.0817,-0.09509,-0.02992,-0.0024158,-0.073253,-0.073057,-0.075972,-0.039054,-0.083801,-0.10816,-0.070382,-0.035676,-0.088398,-0.028375,-0.060057,-0.081029,-0.061746,-0.075641,-0.096292,-0.01896,-0.045287,-0.085589,-0.063535,-0.056155,-0.089357,-0.044753,-0.057676,0.017984,0.083818,0.091312,0.076712,0.061219,0.013864,0.11315,0.044925,0.066858,0.078776,0.091855,0.092322,0.11486,0.028903,0.072263,0.068288,0.084524,0.04539,0.098752,0.087086,0.065028,0.029707,0.072473,0.032919,0.066358,0.092295,0.040628,0.065616,0.077987,0.057845,0.087225,0.1074,0.096468,0.075632,0.059631,0.045173,0.061253,0.051204,0.033514,0.053085,0.072724,0.07373,0.064688,0.023053,0.072894,0.076342,0.11042,0.080653,0.061844,0.066434,0.0065883,0.064453,0.067667,0.086203,0.036488,0.06195,0.072945,0.065683,0.082448,0.071162,0.03815,0.07441,0.012162,0.041406,0.029655,0.081584,0.043329,0.086737,0.092918,0.09608,0.052285,0.037437,0.10782,0.072562,0.065268,0.074984,0.055277,0.063144,0.077327,0.082946,-0.11732,0.049461,0.077733,0.089031,0.077355,0.03977,0.045311,0.063609,0.044717,0.096574,0.072051,0.080735,0.080122,0.071871,0.040749,0.048939,0.044039,0.11306,0.068939,0.071144,0.067713
0.066008,0.037262,0.020898,0.011156,0.050904,-0.0071881,-0.082437,-0.026529,-0.041931,-0.0052853,0.010068,0.010866,-0.033186,0.10269,-0.038332,-0.04861,-0.026011,-0.0098226,-0.0036851,0.0084594,-0.013052,-0.006119,-0.027096,-0.068452,-0.01941,-0.079214,0.01867,0.0058995,-0.0055208,0.0061747,-0.051328,0.08037,-0.064637,-0.083587,0.069214,-0.016174,-0.054334,-0.014175,-0.036422,-0.013038,-0.01018,-0.081809,-0.020758,0.011529,0.060815,0.0016766,-0.033393,0.033987,-0.0068041,0.010527,-0.020132,-0.01765,0.044121,-0.091386,-0.03367,0.049298,0.016014,0.0058327,-0.019477,0.0096554,-0.044304,-0.0053138,-0.03232,0.032299,-0.066481,-0.020006,-0.043696,-0.0026055,-0.016401,-0.050481,0.010141,-0.062172,0.11716,-0.035089,0.0098271,-0.020401,-0.033269,-0.032284,0.01008,-0.0666,-0.016971,0.0554,0.066786,-0.013208,-0.10078,-0.054615,0.057486,0.020533,-0.03474,-0.021589,0.046017,0.00096204,0.063601,-0.014655,0.012375,-0.030204,0.03897,-0.02671,0.072897,0.017967,-0.075367,-0.1158,-0.012829,0.23956,-0.066794,0.020333,-0.035867,0.27137,-0.054742,-0.060048,-0.025077,0.092676,0.028835,-0.0037029,-0.099468,0.063749,-0.021934,-0.062704,-0.023313,-0.014303,0.0026481,0.032606,0.010662,0.036822,-0.054419,-0.021753,0.063181,0.046824,0.037616,-0.044933,0.026742,0.0047349,-0.03691,-0.014767,-0.073987,-0.031716,0.07191,0.0092501,0.013489,-0.027579,-0.0012768,0.2378,-0.022037,-0.028747,0.040557,-0.055202,0.044093,-0.011008,-0.026264,-0.11969,0.006232,-0.052798,-0.031358,-0.020874,0.029051,-0.032597,-0.11818,-0.018801,0.011297,0.074734,-0.08137,0.022283,-0.0016699,-0.017239,0.21525,0.10196,0.025237,-0.042788,0.097679,0.090806,-0.011412,0.019404,-0.10205,-0.051162,0.082007,-0.014723,0.074246,-0.025619,-0.03963,-0.046333,-0.063279,0.012985,0.12027,-0.067966,-0.030508,0.089866,-0.031305,5.0227e-05,0.092313,-0.031877,0.059336,-0.024436,0.035247,-0.029712,-0.063807,0.31934,-0.032328,-0.055744,-0.044796,0.038301,0.036979,0.054151,-0.043518,-0.046548,0.057817,0.043497,-0.10677,0.015103,0.028496,0.010221,-0.03762,0.058161,0.12201,0.10962,-0.050317,0.020694,0.0014391,0.011256,0.04336,0.04142,-0.059689,0.0025576,-0.045966,-0.1054,-0.015357,0.029604,0.060554,0.01357,-0.0031355,0.0019628,0.064546,0.053451,0.0414,0.07177,0.0076982,0.019135,0.0026412,-0.05126,-0.011664,-0.0065017,0.057154,-0.039346,-0.037364,-0.0019703,-0.0038798,-0.0036258,0.035442,-0.018827,-0.018796,-0.08711,0.033238,0.012694,-0.0016048,-0.051558,-0.023745,-0.02249,0.031458,0.078815,-0.0057974,-0.054938,-0.045196,-0.091918,0.00088483,-0.046131,0.016259,-0.062544,-0.0086295,-0.058144,-0.062456,-0.021308,-0.00085339,0.044087,0.040788,-0.028239,0.019305,0.084662,-0.0042619,0.058164,0.0069843,-0.026293,0.011735,0.011126,-0.022798,0.011339,-0.094177,0.075224,-0.01053,-0.038599,-0.02098,0.081777,-0.028044,-0.017755,0.026984,-0.027958,-0.014976,-0.04403,0.013254,0.0053699,-0.035952,0.019724
-0.083249,0.0046199,-0.058377,-0.066142,-0.11686,-0.025894,0.10038,0.027254,0.023589,0.014319,-0.020984,-0.047043,0.0081001,-0.070015,-0.0070034,0.052932,0.011567,-0.0075538,0.012553,-0.019032,0.026109,-0.0015706,-0.018642,0.088653,0.03045,0.087061,-0.19493,-0.018751,0.020814,-0.061975,0.010534,-0.036618,0.083201,0.07953,-0.097574,-0.015805,0.076897,-0.077586,-0.0016853,-0.013255,-0.019302,0.12432,-0.016341,-0.12091,-0.026164,-0.0020983,0.052812,0.015712,-0.011488,-0.016281,-0.10944,0.01926,-0.042991,0.15272,0.026463,-0.029508,-6.4378e-05,-0.0077879,0.0072496,-0.0091953,0.0015261,-0.0083711,0.033994,-0.037018,0.055521,0.0076934,0.011707,0.039021,-0.042345,0.068895,-0.057925,0.078819,-0.12266,0.029666,-0.0044173,0.026597,0.07644,0.0010651,0.050075,0.10541,0.048269,-0.031832,-0.12949,0.017838,0.071741,0.079876,-0.024924,-0.033941,-0.00067004,0.03033,-0.019293,0.01314,-0.0039847,0.023931,0.022291,0.018165,-0.092664,-0.014539,-0.098483,-0.037343,-0.0029382,-0.13208,0.004915,-0.049696,0.026497,0.0082721,0.32325,0.044013,0.0021329,0.014725,-0.0029443,-0.056434,0.01634,-0.0073473,-0.0050837,0.0092764,0.021138,0.017858,-0.0022866,0.075566,0.01467,0.0036301,-0.080416,-0.018683,0.017612,0.0065539,-0.016373,0.051031,-0.0019904,0.042303,0.060552,0.038256,0.068453,0.036284,0.01246,0.0019691,-0.036846,0.052499,-0.020191,0.015048,0.017645,-0.050594,0.039271,0.058729,-0.013926,-0.0343,-0.017323,0.016387,0.017239,0.013136,0.14949,-0.006875,0.032829,-0.011171,0.013918,-0.0033532,-0.062095,0.031503,0.022285,0.013797,-0.014695,-0.048789,0.020922,0.028337,0.014942,0.018758,-0.0015428,-0.023583,-0.023025,-0.033938,-0.0063644,0.031312,-0.068009,0.011881,0.0050678,0.12124,-0.0018582,0.00077793,-0.0068042,-0.0058021,0.0074257,0.0019115,0.019912,-0.0041473,-0.012957,0.01994,0.06628,0.018217,-0.018317,0.042551,-0.043348,-0.0038668,-0.0057341,0.067677,0.014084,0.05006,0.043679,0.028796,-0.091638,-0.028837,0.036189,0.071032,-0.0859,-0.060002,0.016404,0.1551,-0.1003,0.040377,0.0017887,-0.019172,-0.040433,0.042977,0.12134,0.053832,0.047956,0.0088205,-0.01336,0.056911,0.024962,0.013707,0.01387,-0.016876,-0.12305,-0.10451,-0.074367,-0.028417,0.065336,-0.079302,0.039764,0.045892,0.03816,0.016365,0.0028016,0.068001,-0.059515,0.14238,-0.091389,-0.027806,0.050617,-0.074553,0.057405,-0.060584,-0.037599,-0.009962,-0.017994,-0.065865,0.0076109,-0.064882,0.03376,-0.0058936,0.034407,-0.024926,-0.022412,-0.033611,-0.040956,0.0068895,0.07481,0.031612,-0.059916,-0.038218,-0.055758,-0.1141,0.0045549,-0.12694,-0.019563,-0.059214,-0.065857,-0.0034026,-0.11721,-0.06072,0.04105,0.11536,0.055585,-0.081973,0.094421,0.04179,-0.010533,0.093335,-0.087584,-0.023113,-0.014268,0.0065162,-0.029804,-0.016975,-0.033775,0.03994,0.025687,-0.037465,-0.023056,0.11736,-0.032246,-0.037607,0.093584,-0.1568,-0.038742,-0.08166,0.052197,-0.0020058,-0.076536,-0.070334
0.0039951,-0.0033243,0.018863,-0.016188,0.043131,0.07274,-0.062887,-0.044059,-0.02109,-0.017611,0.0020969,0.025498,-0.024518,-0.0091144,0.00065571,-0.00014851,-0.015328,-0.049414,-0.03745,0.00063209,-0.028544,0.023354,-0.0072198,-0.041396,-0.043068,-0.016876,0.10912,-0.015154,-0.054637,-0.0033034,-0.034395,0.0011053,-0.019309,-0.029638,-0.0073317,-0.013563,-0.024965,-0.014895,0.0084359,0.00012655,0.0048942,-0.011322,-0.034369,0.091025,0.0053134,-0.016741,0.011047,-0.0076705,0.0025802,0.018562,0.057436,-0.035249,0.0083353,0.057063,-0.0047656,0.0055963,-0.016539,0.055861,-0.021414,0.02044,0.0049766,-0.025464,-0.031351,0.013678,-0.027148,0.010099,-0.045612,-0.025292,-0.015309,-0.060446,0.050429,-0.042178,-0.015158,-0.049186,-0.025227,-0.011486,-0.012948,-0.017592,-0.053678,-0.02341,-0.042871,0.034676,0.11274,-0.0071543,-0.0084723,-0.029372,-0.22357,0.052372,-0.0096462,-0.038783,0.063607,-0.038224,0.0053518,-0.040269,-0.0092251,-0.021978,0.033018,0.0048829,0.015573,0.012092,0.027425,-0.049053,-0.00076345,-0.044716,-0.053924,0.077802,-0.073158,-0.058293,0.029788,0.022963,-0.033638,-0.095218,-0.088837,0.031159,-0.070418,-0.048496,-0.091683,0.00067565,-0.059758,0.016135,0.013514,0.031979,-0.00085712,0.06235,-0.0061246,-0.041625,-0.072469,0.027833,0.090245,0.017809,-0.069201,-0.09376,-0.019836,-0.038564,-0.043411,-0.039194,-0.076676,0.0068436,-0.073649,0.060682,-0.011392,-0.10968,0.066305,0.013886,0.044757,-0.019478,0.30537,0.0030317,-0.00029058,-0.039389,0.12074,-0.00066462,0.023384,0.073076,0.037343,-0.0075811,0.033084,-0.046282,0.052116,-0.037989,-0.013437,0.059102,0.026587,0.052865,-0.090251,-0.095369,-0.047047,0.0028769,-0.029547,-0.063948,0.045445,0.082585,-0.032871,-0.052036,-0.069974,0.03376,0.11468,0.22511,0.036277,-0.013971,-0.020241,0.13262,0.062293,-0.011391,-0.032573,-0.0098458,-0.084298,0.01756,0.072922,0.024814,-0.0091325,-0.027625,0.015959,0.022618,0.0086687,-0.14377,0.025394,-0.013819,-0.0022859,-0.037004,0.013394,0.032402,-0.10253,-0.0094549,-0.051532,0.17351,-0.043041,0.02564,-0.040547,-0.090884,-0.0096821,0.011258,0.043484,0.001244,-0.022428,0.047488,0.030245,-0.0049387,0.068189,0.10016,0.024831,0.034737,-0.037576,-0.078761,0.0098009,-0.0062368,0.089197,-0.065209,0.1196,0.036417,0.088374,0.0087364,-0.024219,-0.14195,-0.061361,-0.019543,0.13462,0.046434,0.086413,0.011726,0.013724,0.065951,-0.043155,-0.05243,0.03253,0.018995,-0.047196,0.051634,-0.03983,0.023783,0.11283,0.020603,0.0066563,0.038102,-0.062545,0.03342,-0.17286,-0.039576,-0.035486,-0.010086,0.0064106,-0.1129,0.047557,0.031182,0.080269,-0.065594,-0.014705,-0.016994,-0.045638,-0.065182,0.16769,-0.090749,0.082797,-0.064722,0.12067,0.08888,-0.00083955,0.10545,-0.0081687,0.033698,-0.0073472,-0.015313,-0.0252,0.015619,0.075521,0.0077121,0.10572,0.026453,0.07446,-0.025283,-0.038335,-0.049724,-0.00036388,-0.038837,-0.011883,0.015591,-0.02077,0.0014572,-0.031637,0.020563
-0.011641,-0.016092,-0.0027883,0.024213,-0.039278,-0.049362,0.094816,0.047397,-0.0037491,0.013069,-0.024772,-0.030795,0.048896,-0.085973,-0.0074305,0.015783,-0.0064744,-0.035064,0.066852,0.014746,0.0048276,-0.020079,0.0084045,0.068991,0.036306,0.067307,-0.067356,-0.0020503,0.023992,-0.011171,0.0010868,-0.053325,0.0053789,0.028848,0.012248,-0.00078563,0.0274,0.034296,0.063881,0.015378,0.0011451,0.010179,0.076447,-0.045829,-0.056407,0.028732,0.019555,0.010905,0.015858,-0.034752,0.064076,0.043509,-0.02386,-0.10213,0.0082354,-0.016572,0.0067866,-0.033337,0.0087489,-0.02661,0.040246,0.020287,0.039128,-0.023649,-0.038194,0.0026006,0.06537,-0.034594,0.025485,0.015105,-0.037964,0.029493,-0.05594,0.089059,0.011614,0.03677,0.049633,0.062016,0.025684,-0.080815,0.02664,-0.10198,-0.12599,0.015185,0.034926,0.09314,-0.55648,-0.075257,0.027826,0.02213,-0.097698,-0.007641,-0.05333,0.018403,-0.0019052,0.043961,-0.066795,0.03895,-0.045996,-0.030512,-0.055884,-0.041463,-0.056855,0.12891,-0.010691,0.048157,-0.13238,0.087061,-0.052592,-0.041144,0.068179,0.19472,-0.068888,-0.00016643,0.0010408,-0.02931,0.062219,0.02265,-0.03176,-0.022967,0.063175,0.057007,0.084736,0.054229,0.005833,0.014287,0.040696,0.025874,-0.014355,-0.1059,0.019794,0.038098,-0.088015,0.010686,-0.037873,0.021088,-0.00019944,0.19819,0.025477,-0.036382,-0.0010236,-0.054093,-0.088588,0.03556,-0.00017796,0.015962,0.037727,-0.0081555,0.036791,0.013185,-0.092543,-0.046427,-0.05579,0.020146,0.014934,0.0015784,-0.10197,0.0033897,0.20389,0.055407,0.0080974,-0.0078118,-0.036106,0.0093242,0.060323,0.062004,-0.022878,-0.040422,-0.0083819,0.015194,-0.011373,-0.02201,-0.07335,-0.059632,0.026846,-0.10647,-0.01234,0.10683,0.03132,-0.024303,-0.086587,0.020685,0.060328,-0.024525,-0.045305,0.021352,-0.082205,0.055275,0.052025,-0.029918,0.096745,-0.043059,0.031051,0.044122,0.027368,-0.0087604,-0.013894,-0.01703,0.076698,0.042692,-0.050786,-0.031475,0.0051579,0.018983,-0.05559,-0.057435,-0.011517,0.021878,-0.0044596,0.029866,-0.035758,-0.02086,-0.039049,-0.021403,0.052849,0.0061589,0.033071,-0.026493,-0.0099032,-0.020929,-0.028661,0.0040466,-0.063643,0.0074264,0.029378,0.060742,-0.016099,-0.02163,-0.016337,0.0025357,0.0092327,-0.007914,-0.03045,-0.078032,0.043469,0.057191,-0.030212,0.0035223,-0.014627,0.010286,-0.0077018,-0.0018564,0.051891,0.033362,0.010605,0.036122,-0.026422,-0.020352,-0.041946,-0.051763,0.014166,-0.002902,-0.019269,-0.053568,0.0084239,0.012339,0.062401,-0.02774,-0.013011,-0.030132,-0.032437,0.052155,0.024791,0.013383,0.004768,0.030624,-0.10016,0.016035,-0.0026507,-0.0073696,-0.026488,-0.00043876,-0.0066788,-0.039026,-0.0030764,-0.044281,0.049699,-0.045407,0.029412,-0.0011795,-0.049047,-0.0066324,0.02467,-0.035725,0.021507,-0.050967,-0.0050312,0.018182,-0.0076276,0.01487,-0.02287,0.026358,-0.047771,0.059367,0.008294,-0.014003,-0.07041,-0.0027055,-0.021059,0.0030212
-0.060293,-0.0055648,0.011616,-0.069038,-0.030671,0.032816,-0.042702,-0.039001,0.017126,-0.03003,0.010789,0.044626,-0.02379,-0.025829,-0.016215,0.010942,0.040129,-0.0024052,-0.0058677,-0.00062469,0.0081026,-0.0041689,0.017419,0.00026933,-0.013713,-0.051001,0.050229,0.023487,-0.0051644,-0.0090045,0.010943,0.022907,0.025076,-0.021013,-0.077219,-0.021585,0.033708,-0.0093908,-0.058525,-0.0045524,0.01335,0.065174,-0.058329,0.016842,0.06883,-0.030594,-0.01882,-0.10562,0.03261,0.021102,-0.0030222,-0.012385,-0.041637,0.16497,0.028863,-0.01108,0.014502,0.00032339,-0.017756,0.042421,-0.015299,-0.0014888,-0.039553,0.047394,0.020712,0.050806,-0.020381,0.057798,-0.00088294,0.0043582,0.016358,0.0445,-0.061454,-0.070567,0.02509,-0.023516,0.0027885,-0.029312,-0.081113,0.024681,0.028681,0.016552,0.071195,0.041623,0.067666,-0.054547,-0.22509,0.039315,-0.012923,0.015213,0.082429,0.02207,0.092641,-0.0083322,-0.029925,0.028882,-0.010576,-0.01716,-0.0091224,0.012429,0.052699,0.029981,-0.060489,-0.18411,0.034601,-0.071415,0.13658,0.043844,-0.007014,-0.08791,0.048291,0.10919,0.10531,-0.026781,0.029879,0.045764,-0.02329,-0.079745,0.0016485,0.040836,-0.064157,0.053119,-0.0056241,-0.0087837,0.030408,0.14399,0.07942,0.020217,-0.076993,-0.0036636,0.14964,0.080543,-0.0044341,0.064346,-0.050699,-0.025185,0.095444,-0.155,0.069709,-0.069676,-0.07561,-0.075946,-0.11702,-0.065314,0.047014,0.03488,0.080699,0.01943,0.02512,0.001064,-0.12495,-0.067753,-0.082959,-0.010261,0.10106,-0.098254,-0.014157,-0.061931,-0.12134,0.014755,0.033569,-0.1598,0.031129,-0.12886,0.025646,0.10153,0.070308,0.029886,-0.043302,0.09973,-0.091219,-0.13759,0.015193,-0.068308,0.12072,0.055208,0.076006,0.056545,-0.014842,0.11319,0.011449,-0.00042121,0.08867,0.034719,0.0044417,0.018991,0.033858,0.02679,0.025944,0.028227,0.061672,-0.084193,0.043513,-0.14585,-0.012642,-0.084838,0.025589,0.041396,-0.059697,0.12344,-0.011,-0.063797,0.03078,0.043144,0.10331,0.11982,0.0069381,0.04541,-0.036146,-0.086315,-0.0088546,0.079368,0.026332,0.018933,-0.11332,-0.064116,0.016751,-0.034627,-0.0090383,-0.0033659,-0.083945,-0.0054014,0.056955,-0.015568,-0.01612,-0.017057,-0.034459,0.025455,0.11111,-0.087773,-0.084171,0.065594,0.081519,-0.052986,-0.0014526,-0.037518,0.048355,-0.016245,-0.081577,-0.031126,-0.052705,-0.00012068,0.024551,0.067212,-0.051676,-0.040232,0.014218,-0.010131,0.028399,-0.07561,-0.030565,0.066131,0.0056746,-0.0026106,-0.016864,-0.031388,-0.029591,-0.029664,0.03249,0.027645,0.025004,0.011672,-0.086043,0.040356,0.028924,-0.035754,-0.03536,-0.04881,0.0020269,0.082423,0.01432,-0.10304,-0.017138,0.011487,-0.033739,-0.043769,-0.072513,0.0071405,0.0022425,0.0013311,0.018963,0.030131,0.00078045,-0.0091373,-0.067984,-0.0088985,-0.0030844,-0.028064,-0.027533,-0.022952,0.0096347,-0.026707,-0.010932,0.02987,0.0089764,-0.002482,0.0064709,-0.064487,-0.042806,0.040074
-0.018596,-0.029069,0.0098129,-0.020018,-0.054071,-0.019391,0.067166,0.0016879,0.01025,-0.029789,-0.019659,-0.014029,0.027231,-0.044975,-0.0052025,0.0016791,-0.0056786,0.06601,0.033194,-0.0061134,-0.010437,-0.0055394,0.0089228,0.032011,-0.0098479,-0.015709,0.077284,-0.0057071,-0.0058147,-0.006016,0.024445,-0.016836,0.083424,0.0031184,-0.045563,0.0022459,0.011988,0.011999,-0.00021373,0.0097922,-0.001875,0.056846,0.022463,0.05102,-0.033333,-0.021747,-0.039754,-0.011677,-0.00084664,-0.003107,0.050631,0.017891,-0.035188,-0.01298,-0.0106,-0.038773,-0.0048017,-0.024626,-0.0022815,-0.018478,0.018564,-0.011556,0.031201,0.0051104,0.07737,-0.005706,0.02003,0.00031353,0.0084318,0.0038096,-0.027294,0.0070481,-0.061837,0.022306,0.00070483,-0.017308,0.054415,0.024169,-0.056969,0.035671,-0.03343,-0.017552,-0.068523,-0.0085007,0.055075,0.0417,0.64458,-0.027817,0.0062056,-0.023762,-0.041701,0.0023605,-0.0030224,-0.0025022,-0.0077541,-0.0036612,-0.024091,0.0012559,-0.062203,-0.020573,-0.0093694,0.003203,-0.02523,-0.038334,-0.039093,0.015892,-0.19476,0.010681,-0.040758,-0.0536,0.059913,0.12638,0.027197,0.022159,-0.0043182,-0.056526,0.025868,-0.011807,-0.017628,-0.010917,0.01488,0.048917,0.057287,0.043035,0.011251,0.048616,0.04413,0.0033753,-0.020751,-0.034501,0.065883,0.025891,-0.014804,0.047905,-0.049102,-0.024332,-0.0023692,0.11811,-0.0033604,-0.039234,-0.045876,-0.14865,-0.07989,-0.026732,-0.024104,0.027745,0.15998,-0.019997,0.0066477,0.0088908,-0.015135,-0.047774,-0.044257,0.0046158,0.019046,-0.026355,-0.046272,-0.038273,0.15544,0.036914,0.027192,-0.014516,-0.036471,-0.020951,0.029771,-0.021366,-0.024025,-0.032517,-0.082503,0.03551,-0.036475,-0.0053161,-0.033357,-0.07249,0.061759,-0.054241,0.0033003,0.25167,0.014979,0.048257,-0.044591,0.02206,0.045472,-0.010542,-0.047703,0.0214,-0.075504,0.016954,0.034359,-0.033668,0.042943,-0.016024,0.05263,-0.0037247,-0.0065702,-0.11765,-0.023853,-0.013593,0.04215,0.07684,-0.03479,-0.019732,0.0047236,-0.0075835,-0.01186,0.090281,0.003106,0.057747,-0.073433,-0.038936,-0.03375,0.0061988,0.019943,0.0087211,-0.031978,-0.023873,0.051588,0.01641,-0.0094993,-0.027858,-0.018485,-0.019112,-0.018724,0.034042,0.054326,0.010817,0.049817,-0.0090126,0.03875,-0.00069522,0.098062,0.02007,0.020779,-0.075121,0.027544,0.05576,-0.0066699,-0.014434,-0.0067267,0.017692,-0.011556,-0.003903,0.030287,0.00078447,-0.017629,0.021604,-0.010383,-0.001859,-0.053707,-0.03505,0.069001,0.033387,-0.005555,-0.084973,0.045131,-0.020118,0.088753,-0.039361,-0.0012169,-0.0053362,-0.00065143,0.048328,-0.034937,-0.035365,0.028727,-0.0014819,-0.058833,0.0041078,-0.0010872,0.00078527,0.06114,0.11475,-0.0033958,-0.031849,0.047732,0.018169,0.02175,0.020992,0.041163,-0.014333,-0.058884,0.043479,-0.0023275,-0.011615,-0.01042,-0.021624,-0.0052716,-0.034463,0.020397,0.10325,-0.023256,0.012246,-0.023597,0.076724,-0.0062426,-0.024957,-0.027551,0.005575,0.0016592,0.015696
0.045439,0.01134,-0.015095,0.0033052,0.071745,-0.00081403,-0.01231,-0.059432,-0.024367,-0.039015,0.015284,0.067733,0.022839,0.032776,-0.029378,-0.0085757,0.0097161,-0.044513,0.012853,0.0081769,-0.057701,0.017213,0.025606,-0.010303,-0.015969,-0.019899,-0.028722,0.065116,-0.01712,0.054705,-0.043845,0.03588,-0.099417,-0.075726,-0.068154,-0.016656,-0.067192,-0.014853,-0.065847,0.0007696,-0.0070065,-0.0098521,-0.011431,0.0096662,-0.016251,0.016008,-0.01666,-0.0035928,0.022591,0.04325,-0.085501,-0.030111,0.055039,-0.030314,-0.016796,0.033245,0.0059337,-0.012273,-0.032946,0.051714,-0.00080119,0.0078881,-0.022432,0.023686,-0.090515,-0.027747,-0.029741,-0.060595,0.020935,-0.068661,0.074177,-0.029237,-0.0018739,0.040694,0.0024654,0.0012774,-0.036291,0.020002,-0.020162,-0.062643,-0.038566,-0.027371,0.15149,-0.01022,-0.0030915,0.0056174,-0.12059,0.059129,0.037159,-0.023866,-0.0015109,0.0042064,-0.015866,-0.028901,-0.0096581,-0.028024,0.048819,-0.010716,-0.023374,-0.021963,-0.14353,-0.094576,0.10086,-0.080618,0.0091669,-0.00036914,0.16802,-0.27252,-0.0028188,0.041741,-0.035121,0.014045,0.066667,-0.013837,-0.041461,-0.066535,0.082287,0.043546,-0.052769,0.0067132,0.079152,-0.043761,0.076501,0.015306,-0.067603,0.0171,0.084387,-0.038297,0.035542,-0.01371,0.12272,-0.033853,-0.012343,-0.073629,0.030787,0.062902,0.09276,0.090077,-0.10354,0.019551,0.079398,-0.079821,0.031899,-0.065992,-0.049416,-0.059492,0.036698,0.019051,-0.047699,-0.026988,0.11527,0.019895,0.055631,-0.06657,-0.051609,0.067502,-0.086551,0.093038,0.0011173,0.020409,-0.064497,0.063838,0.033366,0.015356,-0.028851,-0.17316,0.046166,-0.074792,-0.035872,0.11354,0.063391,0.062645,-0.064261,0.048712,0.082976,-0.031826,0.0031827,0.1737,-0.01485,0.113,-0.046077,0.033905,-0.029324,-0.014418,0.10297,0.087367,0.044516,-0.05354,0.0034976,-0.01196,-0.037527,0.078603,-0.017179,0.0026999,-0.021519,-0.10155,-0.040215,-0.0062954,0.073249,0.10339,0.020638,-0.027636,0.052818,-0.0044435,0.078747,-0.045454,0.023699,0.031878,-0.083873,-0.10173,0.00071965,-0.0013171,-0.024415,-0.0017016,0.022519,-0.058468,0.043188,0.053322,-0.057245,-0.074776,-0.058813,-0.041914,-0.061828,0.0053175,0.06036,-0.07385,0.0077193,-0.032569,-0.059236,-0.0035084,0.015542,-0.037757,0.043178,0.03351,0.092822,0.061397,-0.058942,-0.070831,-0.061607,-0.063922,-0.049423,0.02168,0.048599,0.032769,-0.028477,-0.031967,0.075296,-0.064706,-0.033191,-0.092226,0.0031751,-0.051076,0.02597,0.011717,0.051201,-0.028489,0.15585,-0.019057,0.027476,-0.044011,-0.0035457,-0.12394,-0.07142,-0.063123,-0.050366,-0.05338,0.10989,-0.010519,-0.0055144,-0.010587,-0.037875,0.14853,-0.058541,0.059116,-0.023058,-0.028951,-0.032787,-0.025122,0.035646,0.0049369,0.032938,0.039834,0.021333,0.097929,-0.050302,0.034851,-0.10463,-0.063088,-0.032602,0.061622,0.023847,0.049969,0.013408,0.07922,-0.015938,0.052942,0.015806,0.0010269,0.08635,-0.025225
0.045443,-0.023221,-0.0068336,0.049238,0.037066,0.023763,0.069747,0.049999,0.0081196,0.027841,-0.0061052,0.013654,0.070143,-0.023129,0.023525,-0.016067,-0.0054783,-0.0084966,0.012948,0.018528,-0.0077921,0.031072,-0.023909,0.034173,-0.035293,-0.064664,0.024014,0.0068454,0.021784,0.032995,-0.0097221,-0.04336,-0.034311,-0.0055531,0.035355,0.040435,-0.023954,-0.011817,0.048242,0.02375,0.013214,-0.016431,0.0090863,0.0068901,-0.056576,-0.0081316,-0.079655,0.06154,-0.012027,0.0086543,-0.031207,0.0024769,0.033253,-0.15312,-0.038839,0.0064086,-0.020749,-0.027688,0.0095292,-0.015526,0.027998,0.012362,0.049902,0.013962,-0.026907,-0.060285,0.034261,-0.03909,0.041443,0.012065,0.02428,-0.025809,0.03749,0.055277,0.011614,0.055837,0.039341,0.07328,0.091646,-0.071694,-0.036234,-0.032432,0.035162,-0.025396,-0.0095033,0.078754,0.042274,0.010781,0.040007,-0.034192,-0.082417,-0.031684,-0.024414,0.017784,0.0072264,-0.048645,-0.0076142,0.0085054,-0.00047777,0.0269,0.024238,0.051338,-0.078792,0.26318,-0.026648,-0.047883,0.46805,0.082501,-0.0032141,-0.039715,0.02268,-0.01576,-0.034572,0.017443,0.015599,-0.019207,-0.012627,-0.059045,0.062027,-0.10003,-0.064236,0.0098852,-0.043592,-0.012779,-0.013367,-0.074498,-0.038038,-0.010471,-0.026086,0.019085,0.075364,0.057774,-0.0046579,0.032521,0.014409,-0.048586,-0.014929,-0.10102,0.032537,-0.0029012,-0.054855,-0.047835,-0.020706,-0.005783,-0.0047002,-0.0028086,0.18288,0.0086415,-0.036134,0.018123,0.14702,0.01615,-0.03355,0.050641,0.030418,-0.069015,0.027947,-0.040393,-0.14102,-0.031571,0.019587,0.044888,0.090293,-0.030294,-0.047623,0.055404,0.019924,0.06296,-0.086567,-0.035019,0.017815,0.015819,0.051153,0.0031582,-0.15342,0.086498,0.065788,0.14916,0.017142,-0.029171,0.00040379,0.069177,0.15577,-0.0097615,-0.053105,-0.0093763,-0.046365,-0.0068026,-0.0041737,-0.0038951,-0.0090491,-0.043389,-0.028398,-0.01755,-0.016865,0.081654,-0.0034791,0.01512,-0.13374,-0.094698,-0.11487,-0.060965,0.074917,-0.00034388,-0.090783,0.098802,0.039056,0.0084312,-0.040154,0.032374,0.055408,-0.047173,-0.07223,-0.044339,0.010003,0.032576,0.022429,0.033341,-0.057934,-0.064395,-0.079576,-0.024159,0.062435,0.039285,0.046026,0.028428,-0.0086348,0.0020738,0.0041188,-0.037739,0.059733,-0.035316,-0.037639,-0.0098972,0.010783,0.029429,0.014299,0.017156,-0.044131,0.037537,-0.066186,0.050797,0.037123,-0.0041947,0.020484,-0.035563,0.013323,0.02005,0.029565,-0.11224,0.070734,-0.00073029,0.0089167,-0.0076458,0.02673,0.0081191,0.0034324,-0.10207,0.022598,0.01809,0.023585,0.17972,0.031569,0.0099027,-0.031825,0.068499,0.064142,0.00019114,-0.011016,0.021026,-0.079692,-0.017563,-0.035318,-0.014238,0.019545,-0.033384,0.049553,0.0068148,0.033276,-0.015977,0.0098722,0.0073622,0.052566,0.0097252,0.0058589,-0.074908,-0.042823,-0.016401,-0.0037213,-0.0003885,0.0088199,0.050458,-0.064159,0.016182,0.017685,0.00020958,0.04086,0.001093,0.064308,0.011115
0.031952,0.029569,0.061838,0.018565,0.040536,0.075577,-0.048146,-0.012376,-0.062121,8.917e-06,0.020011,0.037391,-0.044251,-0.090581,-0.039678,-0.019704,-0.0026685,0.04488,0.034581,0.0012645,-0.056445,-0.02102,-0.017003,0.0021726,0.0033758,-0.013013,-0.15435,0.031774,-0.022759,-0.0090949,-0.004492,0.034252,0.042966,-0.051544,0.049526,-0.01461,-0.031116,0.060232,0.037343,-0.014455,-0.0093351,-0.0046474,0.014614,-0.093265,0.020515,0.028782,-0.00030435,0.028253,0.010657,0.01892,0.034677,0.036656,0.042433,0.083584,-0.028299,0.030855,0.003578,-0.0046373,-0.018562,0.045633,0.03197,-0.0068081,-0.030707,0.005287,0.00099389,0.011949,-0.0051207,-0.044667,0.0023249,-0.089482,0.037266,-0.046186,-0.013072,0.034527,0.0081619,0.055172,0.0048218,-0.017409,0.048879,0.016636,0.0013257,-0.0132,0.006791,-0.019148,-0.052674,0.04514,0.2111,0.019384,0.0053925,-0.0090007,0.0614,0.006293,-0.016449,-0.059078,-0.0072062,0.00045102,0.0014617,0.028804,0.027408,0.0059037,0.0046777,0.017891,0.0065107,-0.055975,0.042061,0.066229,0.47862,-0.083438,-0.0059841,0.00013392,-0.033256,0.085172,0.031055,-0.063417,-0.11164,-0.0065848,0.010837,0.029828,-0.1558,0.030698,0.078117,0.051712,0.069904,0.019125,0.016363,-0.043097,0.020236,0.0043156,0.028792,-0.062247,-0.025763,-0.05674,-0.059933,-0.015336,-0.080542,0.030282,0.0090927,0.076524,-0.043355,-0.019034,0.051947,0.029811,-0.067086,0.043618,0.07115,0.0095812,0.0057056,-0.019793,0.016973,-0.085185,-0.17758,-0.098527,-0.053142,0.057228,0.0024514,0.011963,0.00071736,0.015905,0.10122,-0.02921,-0.096768,-0.089314,0.010862,0.02347,-0.043205,0.016223,0.017639,-0.12115,0.11812,0.0079272,-0.016843,-0.020853,-0.02961,-0.067077,-0.002878,-0.054463,0.037607,-0.042167,-0.0034857,-0.023435,-0.024397,0.081639,-0.016931,-0.0095983,0.0003168,-0.016229,-0.020253,0.052252,0.072083,-0.02532,0.079013,-0.011443,0.028181,-0.012348,0.018031,-0.071531,0.012739,-0.029852,0.097409,0.010018,0.028191,0.020808,-0.065472,0.036429,-0.006702,-0.092302,-0.055575,-0.004557,0.076813,0.046283,-0.077021,0.037978,-0.07373,-0.01643,0.033429,0.075608,-0.029759,-0.069855,0.035543,0.043817,0.094309,0.076295,-0.065813,-0.014173,0.014731,0.12471,-0.10136,0.016642,0.00073019,-0.0030544,-0.16712,0.0042341,0.0011578,-0.084898,0.087281,-0.0078552,0.034621,0.015994,0.0082651,0.036798,-0.0046328,0.017509,0.066668,0.05445,0.019392,0.0093075,-0.011723,0.037476,0.031207,0.12574,-0.029136,0.0012501,-0.022601,0.020874,0.026639,-0.010183,-0.065707,0.0099305,-0.035671,-0.057475,-0.023102,-0.021439,0.16652,0.099582,0.049229,0.00013028,-0.052493,-0.0129,0.013797,-0.02125,0.019295,-0.063486,-0.023664,0.038638,-0.067188,-0.018545,0.067056,-0.01069,0.031263,0.011601,0.017447,-0.036336,-0.0079054,-0.0027232,0.040652,-0.042733,0.06099,0.074085,-0.016082,-0.086858,-0.047731,-0.028604,-0.014631,-0.047321,0.022615,-0.013701,-0.068983,0.0035056,-0.035028,0.038504
-0.071769,-0.01772,0.03082,-0.03842,0.012679,0.089048,0.043698,-0.0074464,0.062434,-0.013652,0.0095596,0.043438,0.081272,-0.086523,0.029439,-0.0088558,0.060019,0.022453,-0.0038052,0.068583,-0.024021,0.047632,-0.041311,-0.048378,0.006027,0.010025,-0.2344,0.030918,-0.027586,-0.0053275,0.077219,0.034579,0.17984,-0.062509,-0.039374,-0.052933,0.003881,-0.071742,-0.046565,-0.030353,0.048243,0.042768,-0.054896,-0.12128,-0.014466,-0.037881,-0.020067,-0.0089125,0.057923,0.10329,-0.23716,0.090225,-0.00087863,-0.081439,-0.026797,-0.0010819,-0.042179,0.0073758,-0.020213,0.055114,0.063664,0.029344,-0.035423,0.021849,0.16809,-0.0072309,0.023711,-0.0043734,0.028427,0.0015057,0.056151,-0.016102,-0.048474,-0.017068,0.033918,0.034547,-0.02866,0.037613,0.065055,0.029775,-0.022542,-0.025577,0.079653,-0.034326,0.0063408,0.0165,-0.0050363,0.089371,0.058792,-0.0085015,0.020749,0.041512,0.022674,0.0093095,-0.0024557,-0.020373,-0.02238,0.028606,-0.026518,-0.0050734,0.082233,0.10443,0.02097,0.2425,-0.067746,-0.036695,-0.11758,-0.032336,0.050721,-0.023055,-0.043769,-0.0042403,0.11708,0.030879,-0.058676,0.002763,-0.068772,-0.023236,-0.018071,0.0037679,0.047533,0.016305,-0.0016295,-0.023544,0.010127,-0.094274,-0.025957,-0.063383,-0.013211,0.034802,0.052165,-0.058685,-0.059472,0.08655,0.030952,-0.025974,-0.058436,0.10309,-0.00813,0.023485,-0.048229,0.040736,-0.0013131,-0.032986,-0.015895,-0.091015,-0.011045,-0.01865,-0.0215,-0.018562,0.00080598,-0.061787,0.038007,-0.030497,0.024679,-0.015713,0.098905,-0.024249,-0.041175,0.025546,0.00014658,0.025104,-0.02082,-0.017636,-0.044455,0.042453,-0.02399,-0.04518,0.027678,0.052417,0.026957,-0.058693,0.099055,-0.026023,-0.01788,-0.13648,-0.031954,-0.023767,0.0063299,0.050654,0.066544,-0.046652,0.03912,-0.0057842,0.022914,-0.052974,-0.069669,-0.029976,-0.014014,-0.02674,-0.0030137,-0.05721,0.0093241,0.023677,-0.016136,0.048358,0.012494,0.0030071,0.065665,0.013971,-0.0078945,-0.10917,0.052659,0.026746,0.046234,-0.056242,-0.014516,0.068918,-0.035904,-0.084525,0.041866,0.011478,0.040383,0.023018,-0.028445,0.015101,0.051982,-0.03317,-0.032098,0.017626,0.068541,-0.086436,-0.020928,-0.10405,-0.024948,-0.066561,-0.0062697,-0.031493,0.082509,-0.080369,0.093014,0.0010501,-0.014955,-0.025558,-0.039565,-0.0041004,0.037035,0.016021,0.057884,-0.043294,0.029408,0.10129,-0.012373,0.029449,-0.00098853,0.071565,0.097181,-0.025617,-0.069234,0.20053,0.010621,-0.012737,-0.010408,0.077401,-0.030649,0.01928,0.036974,-0.038083,0.034777,-0.0089831,-0.0041211,-0.10622,-0.066254,0.12625,0.036907,-0.036279,-0.014662,-0.057861,-0.078145,0.02029,-0.14868,-0.047244,0.031319,-0.013558,0.1724,-0.04987,-0.090793,-0.05836,-0.012807,0.017375,0.060112,0.023245,0.021125,0.0018064,0.038108,-0.063288,-0.01209,-0.022944,0.040517,-0.026227,0.016375,-0.027318,0.056547,0.061254,0.022643,-0.016136,0.013903,-0.14846,0.016905,0.020978
0.0065777,-0.046744,0.030087,0.041137,-0.013488,-0.022805,0.050173,0.042538,-0.03067,0.012877,-0.017318,-0.049531,0.050877,-0.096211,0.01961,-0.042163,-0.0039283,-0.0089835,0.031995,0.016919,-0.0029877,0.02221,-0.010545,0.015973,-0.00073065,0.058391,-0.0081489,-0.013551,0.013572,0.018307,-0.0073128,-0.1021,0.053469,0.032512,0.059704,-0.036481,0.00026168,0.051025,0.054937,0.017698,0.010874,-0.051037,0.064364,0.0054765,-0.11055,0.0069545,-0.0099681,0.040068,-0.023393,-0.037864,0.094975,0.041927,-0.02738,-0.094461,-0.0083092,-0.0066313,-0.024547,-0.00017001,0.014773,-0.073502,0.075095,0.013529,0.029577,-0.032166,0.035888,0.0058818,0.044125,-0.026258,0.030205,0.026837,-0.01215,0.015523,-0.04654,0.05419,-0.0070979,0.021386,-0.0082107,0.014562,0.028874,-0.026589,0.0046118,-0.080369,-0.023168,-0.014509,-0.014961,0.045039,0.023793,-0.084117,0.0054442,0.003424,-0.10247,0.00063686,-0.091846,-0.0093962,0.0079357,-0.00036901,-0.082432,0.038902,0.0075269,-0.065551,0.015188,-0.0048079,-0.11406,-0.047652,-0.014817,0.0020561,-0.069128,-0.17531,0.0003844,0.025083,-0.016874,0.13814,0.025678,0.031623,-0.076859,-0.00079237,-0.099809,-0.010391,0.0018446,0.0049176,-0.031983,0.0061066,0.10191,0.070626,-0.015319,0.0029192,0.012926,0.026604,0.036925,0.041283,-0.012959,-0.021519,-0.081357,-0.039877,0.034361,-0.091384,0.00060733,-0.25885,0.00086911,0.10304,-0.012176,0.12026,0.097082,-0.041782,-0.0054087,-0.019455,-0.066807,-0.015758,-0.11482,-0.0099437,-0.10743,0.039698,0.047171,-0.0075989,-0.020692,-0.070432,-0.0084514,-0.031761,-0.25756,0.010682,-0.077914,0.11303,0.22974,-0.00058134,-0.037808,-0.025342,0.082381,-0.003252,0.061293,-0.032328,0.14407,0.067126,-0.0025437,0.0038633,0.07874,0.066238,0.020176,0.0029255,0.081567,0.027803,0.0045269,0.080223,0.085586,-0.069087,-0.10466,0.001417,-0.059765,-0.034652,0.016505,-0.023281,-0.013252,-0.055022,-0.027128,-0.11889,-0.041308,-0.059296,0.020983,-0.039405,-0.078715,0.08474,0.11044,0.026695,-0.053157,0.046975,-0.040611,-0.018718,0.030728,0.057079,-0.008188,-0.066742,-0.057507,0.11669,-0.087171,0.042831,-0.044819,-0.023393,0.040252,-0.09123,0.055827,0.072869,-0.042262,-0.044494,0.0084497,-0.031364,-0.047951,-0.047666,0.025448,-0.011822,-0.021412,0.033724,-0.0937,0.012309,0.021061,-0.026114,0.031448,0.016404,-0.030687,0.022295,0.052092,-0.014955,0.065723,0.0048366,0.070415,0.0087657,-0.032579,0.033308,-0.076194,-0.05999,-0.071966,-0.0047847,-0.04834,-0.0038311,-0.090835,0.019394,0.026083,-0.018372,0.17124,0.090673,-0.003009,0.032644,0.035667,-0.016646,-0.020121,0.024091,-0.0041984,0.011883,-0.0048746,-0.086256,-0.054087,-0.037112,0.041821,0.037125,0.067031,0.042462,-0.035053,0.044818,-0.12963,0.039265,-0.0036983,-0.0070392,0.031082,0.04043,-0.079073,-0.055529,-0.023917,0.098922,0.034187,0.062093,-0.049503,0.035766,-0.066375,-0.071784,0.022317,-0.075256,-0.03232,0.036465,-0.040537,-0.04459,-0.023719,0.032252
0.0074908,0.01137,-0.012247,0.034358,-0.025985,-0.046013,0.010012,-0.0088173,0.030812,0.0033475,0.004714,0.033761,-0.010036,-0.080307,-0.0064355,-0.002219,0.023506,-0.0049151,0.018581,0.011081,0.011352,0.012019,0.0022401,0.051852,0.0062988,-0.043298,-0.18729,0.026242,0.013859,0.058283,-0.048845,0.023709,-0.048628,-0.057449,-0.078864,0.025852,-0.026147,-0.0084527,-0.027007,0.01872,-0.0028513,0.02844,-0.023503,-0.12134,-0.0085354,0.024894,-0.034088,0.0033277,0.034968,0.018549,-0.035478,-0.03192,0.015136,0.083497,-0.0080227,0.019269,0.0068282,-0.024329,0.028722,0.049513,-0.024402,0.0037241,-0.018149,-0.0038104,-0.066499,0.0026156,0.0078548,0.0073822,0.0001407,0.0093428,0.003031,0.02611,-0.013514,0.039122,0.030732,0.0056564,0.005925,0.030615,-0.0030368,-0.010159,0.028261,-0.015834,0.0095689,0.027579,0.020125,0.015742,-0.0011342,-0.019149,0.03986,0.020586,-0.023936,-0.0033698,0.052689,0.04825,0.017413,-0.019419,-0.015457,-0.032835,0.0070067,-0.011752,0.053742,0.013957,-0.018177,-0.007221,-0.024509,0.028734,-0.33049,-0.03481,0.040278,-0.03827,-0.051489,-0.067794,0.060079,-0.029735,-0.080147,-0.005175,-0.041742,-0.059376,-0.011721,0.012804,-0.025906,0.049127,-0.074042,0.008452,0.021391,-0.10824,0.018113,-0.05757,-0.027547,0.057327,0.030616,0.073879,-0.0045747,-0.0049608,-0.034208,-0.011982,0.0182,-0.098112,-0.1059,-0.048959,-0.005019,0.15903,-0.038297,0.0093131,0.062167,-0.019289,0.01879,0.00056059,0.045505,-0.022518,0.27802,-0.029326,-0.040081,0.055021,-0.047296,-0.10034,0.053205,-0.021784,-0.024917,-0.063556,-0.022574,-0.030746,-0.0037543,0.01349,-0.057086,-0.11919,0.0057549,-0.098236,0.006567,0.019114,-0.03088,0.0060979,0.071634,-0.030568,-0.030008,0.19345,0.017561,0.036881,-0.02818,-0.0064968,0.049555,0.032336,-0.073653,0.015143,0.014092,0.037397,0.03728,0.037848,0.047398,0.080911,0.037169,-0.020121,0.033229,0.048841,0.02639,0.032016,0.0067891,0.039998,-0.12731,0.010467,-0.02271,0.046014,-0.056917,-0.0011829,0.029006,-0.060509,-0.032844,0.0031965,-0.1737,0.012978,0.0033087,0.14485,-0.064923,-0.022528,0.023501,0.12447,0.029989,-0.053616,-0.028663,-0.054717,-0.026563,0.0067145,-0.096916,-0.020584,0.024344,0.23071,-0.093571,-0.023401,0.065991,-0.042076,-0.063295,0.061746,0.077759,-0.030033,0.061112,0.075831,0.010945,0.026376,-0.071983,0.0075855,-0.086852,0.062899,0.070398,-0.0043436,0.034686,-0.047103,0.046909,0.023621,0.013541,-0.014887,-0.024269,-0.017327,0.010888,-0.028883,0.039093,-0.013156,0.068761,-0.018929,-0.061267,0.020853,0.021172,0.049178,0.1956,-0.07049,-0.017734,0.022461,0.011928,-0.011682,-0.0015746,0.10343,-0.0056656,-0.017918,-0.12693,-0.035585,-0.18185,-0.015186,0.1218,0.037621,0.037351,-0.0053145,-0.03922,0.0613,0.035064,0.030167,0.023015,0.026429,-0.0099292,-0.013174,-0.020927,-0.024774,-0.032327,0.023263,-0.046071,-0.070456,0.036999,-0.059536,-0.11969,0.018739,0.0055811,0.049076
0.0038147,-0.094268,0.023306,-0.011688,0.007427,0.061243,0.071239,-0.0018385,0.0028445,-0.035151,-0.056283,-0.0084735,0.026361,0.036727,0.035246,-0.01412,0.019302,0.084032,0.015619,0.047169,-0.022188,-0.0030261,-0.040005,-0.034711,-0.056986,0.013649,0.38474,-0.083575,-0.069318,0.054175,0.069981,-0.021424,0.21897,-0.030012,-0.04378,-0.045673,0.0002647,-0.066473,-0.057325,0.031226,0.0015019,-0.014855,0.0035978,0.15582,0.0072569,-0.02537,0.016563,0.10168,-0.010435,0.03043,0.07792,-0.00076083,-0.015608,-0.068661,-0.025896,-0.023492,0.0016666,0.011061,0.028372,-0.016709,0.015159,-0.032169,0.0084399,0.07494,0.18829,-0.02772,-0.016827,-0.042109,0.0049733,0.023297,0.0079262,-0.026913,-0.049323,0.004959,-0.028519,-0.046508,0.024611,0.025246,-0.056076,0.1495,-0.036567,0.06435,-0.089428,0.026703,0.021808,-0.00028904,-0.14652,0.014406,0.016734,-0.065606,-0.038545,-0.034307,0.064265,0.028659,-0.0030652,-0.016627,-0.0016404,-0.026234,-0.02396,0.0029675,-0.019315,0.011785,0.1011,-0.02622,-0.0044356,0.032923,0.034469,0.16264,0.0011994,0.012659,-0.054484,0.014481,0.13483,-0.0042608,-0.043491,0.0076618,-0.12496,0.044028,-0.076052,0.0093783,0.036956,0.012222,-0.0040876,-0.033962,-0.020681,-0.041344,0.025337,0.0041926,0.032378,0.029681,0.0049283,-0.021866,0.0091427,0.022064,-0.044975,0.035399,-0.0022819,-0.21612,-0.016954,-0.0061884,0.0060819,-0.070594,-0.061099,0.04441,-0.01563,-0.014683,-0.023834,-0.04183,-0.0098925,-0.035195,0.11043,-0.075792,0.035009,-0.023112,-0.0080232,0.0030099,0.029068,0.041948,-0.049547,-0.004542,-0.017138,-0.0022483,0.051556,0.010698,0.069476,0.03377,0.034906,-0.086958,-0.054556,0.033346,-0.030718,0.029891,-0.0016794,-0.081858,-0.021616,0.023428,-0.022545,-0.044397,-0.0073025,-0.019435,-0.019309,0.015445,0.050181,0.017446,0.076808,-0.083582,0.038692,0.010635,0.019473,0.026273,-0.0041646,0.05001,0.046485,0.040865,-0.019542,0.034214,-0.0018031,-0.00019939,0.0298,-0.015924,-0.014064,-0.007822,0.033636,-0.004507,-0.054493,0.055533,-0.0028477,-0.034754,0.0060687,0.01329,-0.039439,-0.078181,-0.050429,-0.0015275,0.067545,0.031239,-0.051831,-0.03665,-0.0005612,-0.066465,0.14031,0.060105,-0.11954,0.023619,0.038725,0.087862,-0.072891,0.0085622,-0.051671,0.014108,-0.034014,-0.0035949,0.026434,0.031062,0.068561,0.091249,-0.0055262,-0.047643,-0.0046906,0.01154,-0.018817,-0.022511,0.018793,-0.048936,0.051265,0.041807,-0.02511,0.023333,0.031082,0.23207,-0.051143,0.013018,-0.030213,0.039057,0.045805,-0.0065968,0.11756,0.033748,-0.019052,-0.050392,-0.047069,-0.092309,0.033282,0.036935,0.016626,-0.059661,0.029705,0.0067965,0.011343,0.0082232,-0.013539,0.16016,-0.078023,0.044311,-0.075836,-0.059316,0.097847,-0.009434,0.066817,0.01215,-0.0033067,0.017381,0.002958,0.042352,0.02369,0.00061098,-0.031687,-0.024978,0.012497,0.08295,0.010831,-0.01873,0.039212,0.079048,-0.065764,-0.0059794,-0.060086,-0.0098806,0.022927,-0.0097328
-0.017693,0.059993,-0.041522,-0.079467,-0.08794,-0.087637,0.032994,0.024991,0.0093022,0.012395,-0.020028,-0.062501,0.051607,0.050667,-0.026437,-0.0014194,-0.020699,-0.026053,0.010409,-0.0048346,0.03305,0.018697,0.0021124,0.021391,0.054519,0.046812,0.14444,-0.036998,0.020313,-0.041674,8.1632e-05,0.023796,-0.024237,0.063842,0.085121,-0.033863,0.031085,-0.023076,-0.00089802,0.0040642,-0.018523,0.037604,0.00071705,0.019212,0.052465,-0.03187,0.014965,-0.0098477,-0.010738,-0.041863,-0.093305,0.0466,-0.028668,-0.015218,0.028172,0.0011977,0.0031311,-0.01146,0.019101,-0.027521,-0.018828,0.0044432,0.017987,0.0072075,0.015458,-0.0029672,0.034782,0.049503,-0.055383,0.0639,-0.078393,0.029314,0.024369,-0.047989,0.016994,-0.025561,0.011481,-0.062646,0.063538,-0.01299,0.010136,0.036837,-0.071465,-0.013354,0.036455,0.00047293,-0.056343,-0.046838,-0.067845,0.031796,0.015379,0.020916,0.015442,0.0041702,0.030522,0.053414,-0.0022191,-0.015537,0.020822,-0.028338,0.042795,0.075545,-0.032206,-0.10743,-0.042909,-0.10295,0.14302,-0.015001,-0.050243,0.015711,0.027868,-0.096788,0.039152,0.049429,0.010355,-0.045864,0.041902,-0.017231,0.077997,0.065262,0.0064275,0.0038582,-0.043808,0.01419,-0.0095009,0.0023822,0.054054,-0.041875,-0.012883,-0.0019803,-0.0045388,0.010794,-0.013088,0.061958,0.03749,-0.016014,0.041601,0.080044,-0.05042,0.0425,-0.073238,0.19873,0.041938,-0.18253,-0.00053294,0.00016759,0.21749,-0.061722,-0.021917,-0.033639,-0.050562,0.068825,0.043648,0.01005,-0.03031,-0.00061808,0.00081171,0.027516,-0.11598,0.05809,-0.012669,0.030038,0.01982,-0.041582,0.0079911,-0.082841,-0.033747,0.0082286,0.045601,0.025258,0.040268,-0.011205,0.050486,0.080052,0.16534,-0.13147,0.012776,0.059294,-0.017945,0.020763,0.046375,-0.058368,0.0095404,-0.056941,-0.045456,-0.093719,0.0061516,-0.052021,-0.028648,-0.078466,-0.069619,0.022995,0.011211,-0.10211,-0.076278,-0.034661,-0.012753,-0.062827,0.038719,0.086504,-0.0067275,0.057188,-0.044475,-0.089073,0.14697,-0.19799,-0.034581,0.037111,-0.084592,-0.016037,-0.015845,-0.018937,-0.019834,-0.048146,0.0020738,0.11341,0.0065742,-0.00075842,-0.020075,-0.049953,0.00045033,-0.0090069,-0.024015,0.01264,0.091452,0.15629,-0.015262,0.031506,-0.11609,0.062808,0.1305,-0.011203,0.034545,-0.11304,-0.014014,-0.041488,-0.037244,-0.0029319,0.044432,0.0016165,-0.0076807,0.023397,-0.10427,-0.095934,0.14937,0.095573,-0.021461,0.032329,-0.037815,0.10319,-0.048097,0.0047196,0.019133,-0.087292,-0.075093,0.10572,-0.044925,-0.04919,-0.03497,0.040023,-0.028611,-0.010729,0.20283,-0.021442,-0.001996,-0.0005841,-0.02469,-0.017533,-0.042937,-0.0064276,-0.016962,-0.032895,-0.086304,0.0047406,0.040561,0.043356,0.080877,-0.043347,0.10305,0.0043144,-0.04793,0.10295,-0.022693,0.029467,-0.06355,-0.066512,0.013265,-0.088787,0.064007,0.057003,-0.036311,-0.033282,-0.0512,0.015539,0.023502,-0.035055,0.050001,0.019873,-0.083573,0.026302
-0.00033555,0.0068651,-0.0030865,0.018088,-0.012503,0.10628,0.048241,-0.014113,0.049898,-0.0058268,-0.0015691,0.0033493,-0.060305,-0.020307,0.0080596,0.027786,0.001921,0.002579,-0.023586,-0.022924,-0.032813,0.0015142,-0.055792,-0.010519,-0.021793,0.076826,0.054607,-0.032225,-0.043181,-0.0241,-0.011836,0.017193,-0.0056324,-0.038911,0.024784,0.038917,-0.017014,-0.053639,-0.0098585,-0.0088122,0.011422,-0.0023356,-0.036393,-0.05215,0.02244,-0.019935,-0.0099756,0.10868,0.0013537,0.036628,-0.12987,-0.0016532,0.0041628,0.072206,-0.033533,-0.048519,-0.00098281,0.025495,-0.011361,0.016764,-0.032501,-0.037964,-0.025559,0.0074575,0.018353,-0.022856,-0.047506,-0.039007,-0.034386,-0.018213,0.025991,-0.016463,-0.067172,0.05565,0.0099833,0.00012556,-0.041807,-0.039289,0.029991,0.020459,0.0048781,0.071785,0.020398,-0.025759,-0.03649,0.031963,0.012479,0.13119,0.05045,-0.016199,0.086714,0.0092654,0.0013886,0.02157,-0.0041842,-0.029903,0.013884,-0.005342,-0.010421,0.045338,-0.048099,-0.11514,-0.003006,0.050315,0.043443,-0.034036,-0.15688,-0.00036937,-0.033771,0.056647,0.0053072,-0.090424,-0.053647,-0.054086,0.026994,0.00043705,0.0020176,-0.014988,0.03936,-0.0021352,-0.0026849,0.01394,-0.021957,-0.0090568,0.046845,-0.022685,-0.013116,-0.013583,-0.0059269,0.031436,-0.015784,0.0070044,0.16085,-0.0019125,-0.015096,-0.014387,-0.015166,-0.033046,0.012718,-0.00067049,-0.010747,0.036518,0.027804,0.023416,0.079175,0.037305,0.16037,0.044547,0.0021172,0.053885,-0.19487,-0.025938,0.009646,0.13584,0.016389,-0.00042161,-0.096616,-0.0078217,-0.1043,-0.034256,0.049536,-0.064668,0.073755,-0.0010249,-0.15637,0.063448,-0.01589,0.1217,0.082358,-0.019353,-0.0062685,-0.040408,-0.10837,0.055704,-0.016619,-0.12515,0.090039,-0.078858,-0.028553,-0.035377,-0.042627,0.079254,0.053192,0.035551,-0.024343,-0.1389,0.040561,0.019102,0.027998,-0.0036174,0.04775,-0.02645,0.0049782,-0.032062,0.011979,-0.034138,0.032764,-0.0024134,0.023537,-0.061469,0.01346,-0.11411,-0.023911,-0.065713,0.020085,-0.18169,0.019028,0.10749,0.1026,-0.041914,0.044198,-0.029431,-0.070093,0.011738,0.073354,-0.0010803,0.022341,-0.094371,-0.0099082,0.011768,-0.038809,0.045796,0.028284,0.042727,-0.097756,0.027511,-0.041265,-0.052194,0.026788,-0.023467,-0.12301,-0.050993,-0.047138,-0.042365,0.0018162,0.28122,0.018429,-0.05188,-0.043389,-0.013141,-0.0097364,-0.011816,0.003521,-0.010975,-0.031507,0.023804,-0.041996,-0.0361,0.097764,-0.21292,0.083508,0.010165,0.018326,-0.052778,0.025334,-0.022356,0.1581,-0.062547,-0.020979,0.046169,-0.018436,-0.08095,0.087447,-0.021987,0.021057,8.0384e-05,-0.057271,0.084974,0.043546,0.011027,-0.054629,0.18326,0.058733,0.054601,0.0096677,-0.010824,0.038508,0.0096826,-0.078306,0.00029914,-0.012794,-0.0013477,0.017458,0.05605,-0.014221,-0.096673,0.05935,-0.040817,0.0094927,0.10905,0.038243,0.0033005,-0.022831,-0.034551,0.042144,0.12889,0.072452,0.030545,0.028666,0.026164
0.042256,0.048375,-0.02959,-0.036664,-0.0086985,0.023144,0.040665,-0.00063198,0.015636,0.0034309,-0.018012,0.004838,0.037056,0.05245,0.005749,-0.0041687,-0.0046819,-0.031663,-0.032757,-0.0039895,0.0079887,0.092746,-0.00053915,0.023294,-0.0051138,0.057466,-0.044175,-0.044788,-0.014689,0.01405,-0.062689,0.079997,-0.051857,-0.020848,-0.041926,-0.016634,0.0022901,-0.10981,-0.06419,0.012333,-0.012323,0.050926,-0.094301,-0.037404,0.042981,-0.015734,-0.0009545,0.075656,-0.0099981,0.03018,-0.22404,-0.053516,0.01816,0.13365,0.0070499,0.019243,0.017993,0.025373,0.022194,0.049031,-0.002261,-0.0088906,0.022348,0.035327,-0.013227,-0.011349,-0.024812,0.021364,-0.003189,0.021495,0.018024,-0.0035913,0.024853,-0.014377,-0.00249,-0.03929,0.041977,-0.0096288,0.045897,0.026068,0.0081568,0.064221,0.053126,0.015063,0.0429,0.020838,-0.020385,0.034811,0.021621,-0.005766,0.04893,-0.015379,0.072809,0.053012,0.044367,-0.0050339,0.045847,-0.060856,-0.017095,-0.022668,0.019405,0.022051,-0.0095917,-0.095215,-0.033062,0.015939,0.12615,0.20601,0.016311,0.033253,-0.015929,0.20557,-0.062375,0.052033,-0.020493,-0.034368,0.022079,0.026496,0.020127,-0.090931,0.023689,0.015705,0.1062,0.070707,0.025351,-0.14614,-0.045966,0.044042,0.016445,0.048242,0.059808,-0.029395,0.062791,-0.015538,0.058109,-0.051648,-0.061623,-0.028454,-0.035777,0.042831,-0.024722,0.19233,0.053757,-0.10011,-0.073675,0.040187,-0.074657,-0.018979,0.0031987,0.042467,-0.14346,0.055801,0.092218,-0.11462,-0.04701,-0.020877,0.072331,-0.018823,0.061062,0.038625,0.014073,0.015317,-0.010047,0.010011,0.17771,-0.13113,-0.086404,0.029677,0.026856,-0.043523,0.015364,-0.0076412,0.045165,0.046955,-0.058111,0.055339,-0.14661,0.029553,0.079006,-0.15956,0.013533,-0.042018,-0.11242,0.009227,-0.027764,-0.14426,-0.021331,-0.0198,0.0037559,-0.021519,0.056648,0.0085731,0.034597,-0.07349,0.020735,-0.049749,0.016207,-0.026065,0.019225,-0.033883,0.016824,-0.0085584,0.034789,0.039496,-0.18985,0.04788,0.061948,-0.020232,-0.049905,0.003112,0.027828,0.017719,-0.065049,0.041907,0.014456,-0.09476,0.032644,-0.0055435,0.020861,0.00062643,-0.034158,0.013288,-0.040469,0.03141,0.047857,0.00051697,0.046431,-0.025606,0.038791,0.012723,0.057645,0.033961,0.0055836,-0.12066,0.043112,0.049754,0.057988,0.040183,-0.047429,0.0081176,-0.056838,0.030939,0.072262,0.00055133,-0.074679,0.023745,-0.086803,-0.021122,-0.10555,-0.0046213,0.11775,-0.011216,-0.012247,-0.016477,0.016485,-0.073989,0.029248,0.027596,-0.0072632,0.07695,0.038758,-0.055467,-0.14141,-0.0082183,0.011169,0.034832,-0.0447,0.028931,0.045061,0.067373,0.097313,0.016737,-0.0014891,-0.05491,-0.08957,0.011513,-0.0019619,0.049344,0.025088,0.010026,-0.044158,-0.01657,-0.0081679,-0.016548,0.063932,0.040067,-0.021464,0.038826,-0.0032492,0.011153,-0.03458,0.02407,-0.086852,0.12485,-0.0046687,0.068101,-0.14434,0.040308,-0.026081,-0.042217
-0.039499,0.028215,0.038671,0.050325,0.051722,-0.021468,-0.00213,-0.014378,0.0060501,0.0098541,0.047774,-0.012952,-0.06928,0.038773,0.025362,-0.018972,0.0080345,0.037048,-0.031068,-0.042931,-0.014011,-0.04746,0.031429,-0.0059434,0.053894,0.089843,-0.21523,0.037004,0.027063,-0.10311,0.11084,0.024356,0.16067,0.00075574,0.041784,-0.0058342,0.029906,0.0068027,-0.013273,-0.04713,-0.023232,-0.022892,0.017553,-0.021335,-0.038777,0.051753,0.056878,-0.05457,-0.0082203,-0.02597,0.048638,0.095915,-0.0057067,0.066,0.016719,-0.037393,0.017505,0.021071,-0.056145,-0.0038436,0.0093975,0.012005,-0.007246,-0.056415,0.15843,0.014925,-0.035838,0.020301,-0.0075902,-0.031682,-0.021383,0.046305,0.0015991,0.036889,-0.0015716,0.021852,0.024024,-0.0047793,-0.062183,0.023432,0.051113,-0.072721,0.14361,-0.019569,-0.051763,-0.01138,-0.03077,-0.00095643,0.011126,0.057614,0.068494,0.048249,-0.052401,-0.01472,-0.050049,0.04048,-0.035708,0.029265,-0.012543,0.012233,-0.045687,0.030021,0.017452,-0.030111,0.0022998,-0.0092752,-0.12856,0.15586,0.048421,0.049857,-0.048412,-0.015468,0.047141,0.033525,0.050487,-0.072796,0.048471,-0.045771,-0.015698,-0.029851,-0.016277,0.025639,0.0012855,0.023771,-0.050134,-0.026862,0.01745,0.039094,0.0045066,-0.026076,-0.063299,-0.073912,0.0043661,-0.050101,0.043923,-0.040513,-0.021494,0.070158,-0.089675,-0.0024301,0.043242,-0.05781,0.011297,-0.107,-0.040353,-0.014819,0.32036,-0.012929,-0.0064178,0.0033475,-0.087747,-0.0099116,0.043922,-0.016707,-0.0014686,-0.019307,-0.016437,0.032268,-0.042625,0.022172,-0.10665,-0.015329,0.035213,-0.00074793,0.1282,-0.052512,0.0019526,0.061877,-0.023975,0.027885,0.024395,-0.0046077,-0.0053366,0.053207,0.039231,0.1515,0.044472,-0.0011447,0.02581,-0.10886,-0.016798,0.07022,0.094882,-0.018146,0.050476,0.009069,0.034868,-0.0004843,0.028033,-0.042882,-0.010837,-0.023256,-0.016162,-0.089026,0.026544,0.0070462,-0.036596,-0.025283,-0.0745,0.022625,0.042634,0.034162,0.021341,-0.0049197,-0.090382,0.087445,0.055977,-0.009589,0.18064,0.15802,-0.0045836,-0.011462,-0.081231,-0.021006,-0.043021,-0.015274,-0.047805,0.14152,-0.03432,-0.048867,0.042112,0.0385,0.10175,0.060577,0.077882,0.0050159,0.029809,0.031062,-0.021738,-0.043607,0.055841,-0.03287,-0.051578,0.049761,0.034908,-0.050473,-0.0663,0.0026296,-0.029272,-0.025363,-0.058993,0.0069857,0.034548,0.034578,-0.055861,-0.10674,0.024257,-0.041722,0.0057641,0.12566,0.010726,-0.026399,-0.026819,0.034292,0.036281,-0.042538,-0.027067,-0.064864,-0.025991,0.041137,0.025548,-0.02127,0.05887,-0.047093,-0.084006,0.0045093,0.139,-0.10768,0.0064439,-0.014126,-0.033196,0.064406,-0.057721,0.07902,-0.16811,-0.057105,0.11516,-0.029668,-0.017551,-0.00088823,-0.033207,-0.0050813,-0.051757,8.7014e-07,-0.011987,-0.031429,-0.047685,-0.034216,0.015206,-0.042439,-0.036705,-0.027136,0.089355,-0.051711,-0.021397,0.095784,0.12276,-0.045961,0.010523,-0.041659
